series_key;time_period;time_period_start;time_period_end;obs_value;updated_at;dataset_id;title_fr;title_long_fr;FREQ;REF_AREA;ADJUSTMENT;ICP_ITEM;STS_INSTITUTION;ICP_SUFFIX;UNIT;DECIMALS;UNIT_MULT;COLLECTION;PUBL_PUBLIC;TIME_FORMAT;SOURCE_AGENCY;OBS_CONF;OBS_STATUS
ICP.M.FR.N.000000.4.ANR;2025-08;2025-08-01;2025-08-31;0,8;2025-09-18T10:11:59+00:00;ICP;France, Taux d'inflation;Taux d'inflation, France;M;FR;N;0;4;ANR;PCCH;1;0;A;SPB.T1101;P1M;4D0;F;E
ICP.M.FR.N.000000.4.ANR;2025-07;2025-07-01;2025-07-31;0,9;2025-09-18T10:11:59+00:00;ICP;France, Taux d'inflation;Taux d'inflation, France;M;FR;N;0;4;ANR;PCCH;1;0;A;SPB.T1101;P1M;4D0;F;A
ICP.M.FR.N.000000.4.ANR;2025-06;2025-06-01;2025-06-30;0,9;2025-09-18T10:11:59+00:00;ICP;France, Taux d'inflation;Taux d'inflation, France;M;FR;N;0;4;ANR;PCCH;1;0;A;SPB.T1101;P1M;4D0;F;A
ICP.M.FR.N.000000.4.ANR;2025-05;2025-05-01;2025-05-31;0,6;2025-09-18T10:11:59+00:00;ICP;France, Taux d'inflation;Taux d'inflation, France;M;FR;N;0;4;ANR;PCCH;1;0;A;SPB.T1101;P1M;4D0;F;A
ICP.M.FR.N.000000.4.ANR;2025-04;2025-04-01;2025-04-30;0,9;2025-09-18T10:11:59+00:00;ICP;France, Taux d'inflation;Taux d'inflation, France;M;FR;N;0;4;ANR;PCCH;1;0;A;SPB.T1101;P1M;4D0;F;A
ICP.M.FR.N.000000.4.ANR;2025-03;2025-03-01;2025-03-31;0,9;2025-09-18T10:11:59+00:00;ICP;France, Taux d'inflation;Taux d'inflation, France;M;FR;N;0;4;ANR;PCCH;1;0;A;SPB.T1101;P1M;4D0;F;A
ICP.M.FR.N.000000.4.ANR;2025-02;2025-02-01;2025-02-28;0,9;2025-09-18T10:11:59+00:00;ICP;France, Taux d'inflation;Taux d'inflation, France;M;FR;N;0;4;ANR;PCCH;1;0;A;SPB.T1101;P1M;4D0;F;A
ICP.M.FR.N.000000.4.ANR;2025-01;2025-01-01;2025-01-31;1,8;2025-09-18T10:11:59+00:00;ICP;France, Taux d'inflation;Taux d'inflation, France;M;FR;N;0;4;ANR;PCCH;1;0;A;SPB.T1101;P1M;4D0;F;A
ICP.M.FR.N.000000.4.ANR;2024-12;2024-12-01;2024-12-31;1,8;2025-09-18T10:11:59+00:00;ICP;France, Taux d'inflation;Taux d'inflation, France;M;FR;N;0;4;ANR;PCCH;1;0;A;SPB.T1101;P1M;4D0;F;A
ICP.M.FR.N.000000.4.ANR;2024-11;2024-11-01;2024-11-30;1,7;2025-09-18T10:11:59+00:00;ICP;France, Taux d'inflation;Taux d'inflation, France;M;FR;N;0;4;ANR;PCCH;1;0;A;SPB.T1101;P1M;4D0;F;A
ICP.M.FR.N.000000.4.ANR;2024-10;2024-10-01;2024-10-31;1,6;2025-09-18T10:11:59+00:00;ICP;France, Taux d'inflation;Taux d'inflation, France;M;FR;N;0;4;ANR;PCCH;1;0;A;SPB.T1101;P1M;4D0;F;A
ICP.M.FR.N.000000.4.ANR;2024-09;2024-09-01;2024-09-30;1,4;2025-09-18T10:11:59+00:00;ICP;France, Taux d'inflation;Taux d'inflation, France;M;FR;N;0;4;ANR;PCCH;1;0;A;SPB.T1101;P1M;4D0;F;A
ICP.M.FR.N.000000.4.ANR;2024-08;2024-08-01;2024-08-31;2,2;2025-09-18T10:11:59+00:00;ICP;France, Taux d'inflation;Taux d'inflation, France;M;FR;N;0;4;ANR;PCCH;1;0;A;SPB.T1101;P1M;4D0;F;A
ICP.M.FR.N.000000.4.ANR;2024-07;2024-07-01;2024-07-31;2,7;2025-09-18T10:11:59+00:00;ICP;France, Taux d'inflation;Taux d'inflation, France;M;FR;N;0;4;ANR;PCCH;1;0;A;SPB.T1101;P1M;4D0;F;A
ICP.M.FR.N.000000.4.ANR;2024-06;2024-06-01;2024-06-30;2,5;2025-09-18T10:11:59+00:00;ICP;France, Taux d'inflation;Taux d'inflation, France;M;FR;N;0;4;ANR;PCCH;1;0;A;SPB.T1101;P1M;4D0;F;A
ICP.M.FR.N.000000.4.ANR;2024-05;2024-05-01;2024-05-31;2,6;2025-09-18T10:11:59+00:00;ICP;France, Taux d'inflation;Taux d'inflation, France;M;FR;N;0;4;ANR;PCCH;1;0;A;SPB.T1101;P1M;4D0;F;A
ICP.M.FR.N.000000.4.ANR;2024-04;2024-04-01;2024-04-30;2,4;2025-09-18T10:11:59+00:00;ICP;France, Taux d'inflation;Taux d'inflation, France;M;FR;N;0;4;ANR;PCCH;1;0;A;SPB.T1101;P1M;4D0;F;A
ICP.M.FR.N.000000.4.ANR;2024-03;2024-03-01;2024-03-31;2,4;2025-09-18T10:11:59+00:00;ICP;France, Taux d'inflation;Taux d'inflation, France;M;FR;N;0;4;ANR;PCCH;1;0;A;SPB.T1101;P1M;4D0;F;A
ICP.M.FR.N.000000.4.ANR;2024-02;2024-02-01;2024-02-29;3,2;2025-09-18T10:11:59+00:00;ICP;France, Taux d'inflation;Taux d'inflation, France;M;FR;N;0;4;ANR;PCCH;1;0;A;SPB.T1101;P1M;4D0;F;A
ICP.M.FR.N.000000.4.ANR;2024-01;2024-01-01;2024-01-31;3,4;2025-09-18T10:11:59+00:00;ICP;France, Taux d'inflation;Taux d'inflation, France;M;FR;N;0;4;ANR;PCCH;1;0;A;SPB.T1101;P1M;4D0;F;A
ICP.M.FR.N.000000.4.ANR;2023-12;2023-12-01;2023-12-31;4,1;2025-09-18T10:11:59+00:00;ICP;France, Taux d'inflation;Taux d'inflation, France;M;FR;N;0;4;ANR;PCCH;1;0;A;SPB.T1101;P1M;4D0;F;A
ICP.M.FR.N.000000.4.ANR;2023-11;2023-11-01;2023-11-30;3,9;2025-09-18T10:11:59+00:00;ICP;France, Taux d'inflation;Taux d'inflation, France;M;FR;N;0;4;ANR;PCCH;1;0;A;SPB.T1101;P1M;4D0;F;A
ICP.M.FR.N.000000.4.ANR;2023-10;2023-10-01;2023-10-31;4,5;2025-09-18T10:11:59+00:00;ICP;France, Taux d'inflation;Taux d'inflation, France;M;FR;N;0;4;ANR;PCCH;1;0;A;SPB.T1101;P1M;4D0;F;A
ICP.M.FR.N.000000.4.ANR;2023-09;2023-09-01;2023-09-30;5,7;2025-09-18T10:11:59+00:00;ICP;France, Taux d'inflation;Taux d'inflation, France;M;FR;N;0;4;ANR;PCCH;1;0;A;SPB.T1101;P1M;4D0;F;A
ICP.M.FR.N.000000.4.ANR;2023-08;2023-08-01;2023-08-31;5,7;2025-09-18T10:11:59+00:00;ICP;France, Taux d'inflation;Taux d'inflation, France;M;FR;N;0;4;ANR;PCCH;1;0;A;SPB.T1101;P1M;4D0;F;A
ICP.M.FR.N.000000.4.ANR;2023-07;2023-07-01;2023-07-31;5,1;2025-09-18T10:11:59+00:00;ICP;France, Taux d'inflation;Taux d'inflation, France;M;FR;N;0;4;ANR;PCCH;1;0;A;SPB.T1101;P1M;4D0;F;A
ICP.M.FR.N.000000.4.ANR;2023-06;2023-06-01;2023-06-30;5,3;2025-09-18T10:11:59+00:00;ICP;France, Taux d'inflation;Taux d'inflation, France;M;FR;N;0;4;ANR;PCCH;1;0;A;SPB.T1101;P1M;4D0;F;A
ICP.M.FR.N.000000.4.ANR;2023-05;2023-05-01;2023-05-31;6,0;2025-09-18T10:11:59+00:00;ICP;France, Taux d'inflation;Taux d'inflation, France;M;FR;N;0;4;ANR;PCCH;1;0;A;SPB.T1101;P1M;4D0;F;A
ICP.M.FR.N.000000.4.ANR;2023-04;2023-04-01;2023-04-30;6,9;2025-09-18T10:11:59+00:00;ICP;France, Taux d'inflation;Taux d'inflation, France;M;FR;N;0;4;ANR;PCCH;1;0;A;SPB.T1101;P1M;4D0;F;A
ICP.M.FR.N.000000.4.ANR;2023-03;2023-03-01;2023-03-31;6,7;2025-09-18T10:11:59+00:00;ICP;France, Taux d'inflation;Taux d'inflation, France;M;FR;N;0;4;ANR;PCCH;1;0;A;SPB.T1101;P1M;4D0;F;A
ICP.M.FR.N.000000.4.ANR;2023-02;2023-02-01;2023-02-28;7,3;2025-09-18T10:11:59+00:00;ICP;France, Taux d'inflation;Taux d'inflation, France;M;FR;N;0;4;ANR;PCCH;1;0;A;SPB.T1101;P1M;4D0;F;A
ICP.M.FR.N.000000.4.ANR;2023-01;2023-01-01;2023-01-31;7,0;2025-09-18T10:11:59+00:00;ICP;France, Taux d'inflation;Taux d'inflation, France;M;FR;N;0;4;ANR;PCCH;1;0;A;SPB.T1101;P1M;4D0;F;A
ICP.M.FR.N.000000.4.ANR;2022-12;2022-12-01;2022-12-31;6,7;2025-09-18T10:11:59+00:00;ICP;France, Taux d'inflation;Taux d'inflation, France;M;FR;N;0;4;ANR;PCCH;1;0;A;SPB.T1101;P1M;4D0;F;A
ICP.M.FR.N.000000.4.ANR;2022-11;2022-11-01;2022-11-30;7,1;2025-09-18T10:11:59+00:00;ICP;France, Taux d'inflation;Taux d'inflation, France;M;FR;N;0;4;ANR;PCCH;1;0;A;SPB.T1101;P1M;4D0;F;A
ICP.M.FR.N.000000.4.ANR;2022-10;2022-10-01;2022-10-31;7,1;2025-09-18T10:11:59+00:00;ICP;France, Taux d'inflation;Taux d'inflation, France;M;FR;N;0;4;ANR;PCCH;1;0;A;SPB.T1101;P1M;4D0;F;A
ICP.M.FR.N.000000.4.ANR;2022-09;2022-09-01;2022-09-30;6,2;2025-09-18T10:11:59+00:00;ICP;France, Taux d'inflation;Taux d'inflation, France;M;FR;N;0;4;ANR;PCCH;1;0;A;SPB.T1101;P1M;4D0;F;A
ICP.M.FR.N.000000.4.ANR;2022-08;2022-08-01;2022-08-31;6,6;2025-09-18T10:11:59+00:00;ICP;France, Taux d'inflation;Taux d'inflation, France;M;FR;N;0;4;ANR;PCCH;1;0;A;SPB.T1101;P1M;4D0;F;A
ICP.M.FR.N.000000.4.ANR;2022-07;2022-07-01;2022-07-31;6,8;2025-09-18T10:11:59+00:00;ICP;France, Taux d'inflation;Taux d'inflation, France;M;FR;N;0;4;ANR;PCCH;1;0;A;SPB.T1101;P1M;4D0;F;A
ICP.M.FR.N.000000.4.ANR;2022-06;2022-06-01;2022-06-30;6,5;2025-09-18T10:11:59+00:00;ICP;France, Taux d'inflation;Taux d'inflation, France;M;FR;N;0;4;ANR;PCCH;1;0;A;SPB.T1101;P1M;4D0;F;A
ICP.M.FR.N.000000.4.ANR;2022-05;2022-05-01;2022-05-31;5,8;2025-09-18T10:11:59+00:00;ICP;France, Taux d'inflation;Taux d'inflation, France;M;FR;N;0;4;ANR;PCCH;1;0;A;SPB.T1101;P1M;4D0;F;A
ICP.M.FR.N.000000.4.ANR;2022-04;2022-04-01;2022-04-30;5,4;2025-09-18T10:11:59+00:00;ICP;France, Taux d'inflation;Taux d'inflation, France;M;FR;N;0;4;ANR;PCCH;1;0;A;SPB.T1101;P1M;4D0;F;A
ICP.M.FR.N.000000.4.ANR;2022-03;2022-03-01;2022-03-31;5,1;2025-09-18T10:11:59+00:00;ICP;France, Taux d'inflation;Taux d'inflation, France;M;FR;N;0;4;ANR;PCCH;1;0;A;SPB.T1101;P1M;4D0;F;A
ICP.M.FR.N.000000.4.ANR;2022-02;2022-02-01;2022-02-28;4,2;2025-09-18T10:11:59+00:00;ICP;France, Taux d'inflation;Taux d'inflation, France;M;FR;N;0;4;ANR;PCCH;1;0;A;SPB.T1101;P1M;4D0;F;A
ICP.M.FR.N.000000.4.ANR;2022-01;2022-01-01;2022-01-31;3,3;2025-09-18T10:11:59+00:00;ICP;France, Taux d'inflation;Taux d'inflation, France;M;FR;N;0;4;ANR;PCCH;1;0;A;SPB.T1101;P1M;4D0;F;A
ICP.M.FR.N.000000.4.ANR;2021-12;2021-12-01;2021-12-31;3,4;2025-09-18T10:11:59+00:00;ICP;France, Taux d'inflation;Taux d'inflation, France;M;FR;N;0;4;ANR;PCCH;1;0;A;SPB.T1101;P1M;4D0;F;A
ICP.M.FR.N.000000.4.ANR;2021-11;2021-11-01;2021-11-30;3,4;2025-09-18T10:11:59+00:00;ICP;France, Taux d'inflation;Taux d'inflation, France;M;FR;N;0;4;ANR;PCCH;1;0;A;SPB.T1101;P1M;4D0;F;A
ICP.M.FR.N.000000.4.ANR;2021-10;2021-10-01;2021-10-31;3,2;2025-09-18T10:11:59+00:00;ICP;France, Taux d'inflation;Taux d'inflation, France;M;FR;N;0;4;ANR;PCCH;1;0;A;SPB.T1101;P1M;4D0;F;A
ICP.M.FR.N.000000.4.ANR;2021-09;2021-09-01;2021-09-30;2,7;2025-09-18T10:11:59+00:00;ICP;France, Taux d'inflation;Taux d'inflation, France;M;FR;N;0;4;ANR;PCCH;1;0;A;SPB.T1101;P1M;4D0;F;A
ICP.M.FR.N.000000.4.ANR;2021-08;2021-08-01;2021-08-31;2,4;2025-09-18T10:11:59+00:00;ICP;France, Taux d'inflation;Taux d'inflation, France;M;FR;N;0;4;ANR;PCCH;1;0;A;SPB.T1101;P1M;4D0;F;A
ICP.M.FR.N.000000.4.ANR;2021-07;2021-07-01;2021-07-31;1,5;2025-09-18T10:11:59+00:00;ICP;France, Taux d'inflation;Taux d'inflation, France;M;FR;N;0;4;ANR;PCCH;1;0;A;SPB.T1101;P1M;4D0;F;A
ICP.M.FR.N.000000.4.ANR;2021-06;2021-06-01;2021-06-30;1,9;2025-09-18T10:11:59+00:00;ICP;France, Taux d'inflation;Taux d'inflation, France;M;FR;N;0;4;ANR;PCCH;1;0;A;SPB.T1101;P1M;4D0;F;A
ICP.M.FR.N.000000.4.ANR;2021-05;2021-05-01;2021-05-31;1,8;2025-09-18T10:11:59+00:00;ICP;France, Taux d'inflation;Taux d'inflation, France;M;FR;N;0;4;ANR;PCCH;1;0;A;SPB.T1101;P1M;4D0;F;A
ICP.M.FR.N.000000.4.ANR;2021-04;2021-04-01;2021-04-30;1,6;2025-09-18T10:11:59+00:00;ICP;France, Taux d'inflation;Taux d'inflation, France;M;FR;N;0;4;ANR;PCCH;1;0;A;SPB.T1101;P1M;4D0;F;A
ICP.M.FR.N.000000.4.ANR;2021-03;2021-03-01;2021-03-31;1,4;2025-09-18T10:11:59+00:00;ICP;France, Taux d'inflation;Taux d'inflation, France;M;FR;N;0;4;ANR;PCCH;1;0;A;SPB.T1101;P1M;4D0;F;A
ICP.M.FR.N.000000.4.ANR;2021-02;2021-02-01;2021-02-28;0,8;2025-09-18T10:11:59+00:00;ICP;France, Taux d'inflation;Taux d'inflation, France;M;FR;N;0;4;ANR;PCCH;1;0;A;SPB.T1101;P1M;4D0;F;A
ICP.M.FR.N.000000.4.ANR;2021-01;2021-01-01;2021-01-31;0,8;2025-09-18T10:11:59+00:00;ICP;France, Taux d'inflation;Taux d'inflation, France;M;FR;N;0;4;ANR;PCCH;1;0;A;SPB.T1101;P1M;4D0;F;A
ICP.M.FR.N.000000.4.ANR;2020-12;2020-12-01;2020-12-31;0,0;2025-09-18T10:11:59+00:00;ICP;France, Taux d'inflation;Taux d'inflation, France;M;FR;N;0;4;ANR;PCCH;1;0;A;SPB.T1101;P1M;4D0;F;A
ICP.M.FR.N.000000.4.ANR;2020-11;2020-11-01;2020-11-30;0,2;2025-09-18T10:11:59+00:00;ICP;France, Taux d'inflation;Taux d'inflation, France;M;FR;N;0;4;ANR;PCCH;1;0;A;SPB.T1101;P1M;4D0;F;A
ICP.M.FR.N.000000.4.ANR;2020-10;2020-10-01;2020-10-31;0,1;2025-09-18T10:11:59+00:00;ICP;France, Taux d'inflation;Taux d'inflation, France;M;FR;N;0;4;ANR;PCCH;1;0;A;SPB.T1101;P1M;4D0;F;A
ICP.M.FR.N.000000.4.ANR;2020-09;2020-09-01;2020-09-30;0,0;2025-09-18T10:11:59+00:00;ICP;France, Taux d'inflation;Taux d'inflation, France;M;FR;N;0;4;ANR;PCCH;1;0;A;SPB.T1101;P1M;4D0;F;A
ICP.M.FR.N.000000.4.ANR;2020-08;2020-08-01;2020-08-31;0,2;2025-09-18T10:11:59+00:00;ICP;France, Taux d'inflation;Taux d'inflation, France;M;FR;N;0;4;ANR;PCCH;1;0;A;SPB.T1101;P1M;4D0;F;A
ICP.M.FR.N.000000.4.ANR;2020-07;2020-07-01;2020-07-31;0,9;2025-09-18T10:11:59+00:00;ICP;France, Taux d'inflation;Taux d'inflation, France;M;FR;N;0;4;ANR;PCCH;1;0;A;SPB.T1101;P1M;4D0;F;A
ICP.M.FR.N.000000.4.ANR;2020-06;2020-06-01;2020-06-30;0,2;2025-09-18T10:11:59+00:00;ICP;France, Taux d'inflation;Taux d'inflation, France;M;FR;N;0;4;ANR;PCCH;1;0;A;SPB.T1101;P1M;4D0;F;A
ICP.M.FR.N.000000.4.ANR;2020-05;2020-05-01;2020-05-31;0,4;2025-09-18T10:11:59+00:00;ICP;France, Taux d'inflation;Taux d'inflation, France;M;FR;N;0;4;ANR;PCCH;1;0;A;SPB.T1101;P1M;4D0;F;A
ICP.M.FR.N.000000.4.ANR;2020-04;2020-04-01;2020-04-30;0,4;2025-09-18T10:11:59+00:00;ICP;France, Taux d'inflation;Taux d'inflation, France;M;FR;N;0;4;ANR;PCCH;1;0;A;SPB.T1101;P1M;4D0;F;A
ICP.M.FR.N.000000.4.ANR;2020-03;2020-03-01;2020-03-31;0,8;2025-09-18T10:11:59+00:00;ICP;France, Taux d'inflation;Taux d'inflation, France;M;FR;N;0;4;ANR;PCCH;1;0;A;SPB.T1101;P1M;4D0;F;A
ICP.M.FR.N.000000.4.ANR;2020-02;2020-02-01;2020-02-29;1,6;2025-09-18T10:11:59+00:00;ICP;France, Taux d'inflation;Taux d'inflation, France;M;FR;N;0;4;ANR;PCCH;1;0;A;SPB.T1101;P1M;4D0;F;A
ICP.M.FR.N.000000.4.ANR;2020-01;2020-01-01;2020-01-31;1,7;2025-09-18T10:11:59+00:00;ICP;France, Taux d'inflation;Taux d'inflation, France;M;FR;N;0;4;ANR;PCCH;1;0;A;SPB.T1101;P1M;4D0;F;A
ICP.M.FR.N.000000.4.ANR;2019-12;2019-12-01;2019-12-31;1,6;2025-09-18T10:11:59+00:00;ICP;France, Taux d'inflation;Taux d'inflation, France;M;FR;N;0;4;ANR;PCCH;1;0;A;SPB.T1101;P1M;4D0;F;A
ICP.M.FR.N.000000.4.ANR;2019-11;2019-11-01;2019-11-30;1,2;2025-09-18T10:11:59+00:00;ICP;France, Taux d'inflation;Taux d'inflation, France;M;FR;N;0;4;ANR;PCCH;1;0;A;SPB.T1101;P1M;4D0;F;A
ICP.M.FR.N.000000.4.ANR;2019-10;2019-10-01;2019-10-31;0,9;2025-09-18T10:11:59+00:00;ICP;France, Taux d'inflation;Taux d'inflation, France;M;FR;N;0;4;ANR;PCCH;1;0;A;SPB.T1101;P1M;4D0;F;A
ICP.M.FR.N.000000.4.ANR;2019-09;2019-09-01;2019-09-30;1,1;2025-09-18T10:11:59+00:00;ICP;France, Taux d'inflation;Taux d'inflation, France;M;FR;N;0;4;ANR;PCCH;1;0;A;SPB.T1101;P1M;4D0;F;A
ICP.M.FR.N.000000.4.ANR;2019-08;2019-08-01;2019-08-31;1,3;2025-09-18T10:11:59+00:00;ICP;France, Taux d'inflation;Taux d'inflation, France;M;FR;N;0;4;ANR;PCCH;1;0;A;SPB.T1101;P1M;4D0;F;A
ICP.M.FR.N.000000.4.ANR;2019-07;2019-07-01;2019-07-31;1,3;2025-09-18T10:11:59+00:00;ICP;France, Taux d'inflation;Taux d'inflation, France;M;FR;N;0;4;ANR;PCCH;1;0;A;SPB.T1101;P1M;4D0;F;A
ICP.M.FR.N.000000.4.ANR;2019-06;2019-06-01;2019-06-30;1,4;2025-09-18T10:11:59+00:00;ICP;France, Taux d'inflation;Taux d'inflation, France;M;FR;N;0;4;ANR;PCCH;1;0;A;SPB.T1101;P1M;4D0;F;A
ICP.M.FR.N.000000.4.ANR;2019-05;2019-05-01;2019-05-31;1,1;2025-09-18T10:11:59+00:00;ICP;France, Taux d'inflation;Taux d'inflation, France;M;FR;N;0;4;ANR;PCCH;1;0;A;SPB.T1101;P1M;4D0;F;A
ICP.M.FR.N.000000.4.ANR;2019-04;2019-04-01;2019-04-30;1,5;2025-09-18T10:11:59+00:00;ICP;France, Taux d'inflation;Taux d'inflation, France;M;FR;N;0;4;ANR;PCCH;1;0;A;SPB.T1101;P1M;4D0;F;A
ICP.M.FR.N.000000.4.ANR;2019-03;2019-03-01;2019-03-31;1,3;2025-09-18T10:11:59+00:00;ICP;France, Taux d'inflation;Taux d'inflation, France;M;FR;N;0;4;ANR;PCCH;1;0;A;SPB.T1101;P1M;4D0;F;A
ICP.M.FR.N.000000.4.ANR;2019-02;2019-02-01;2019-02-28;1,6;2025-09-18T10:11:59+00:00;ICP;France, Taux d'inflation;Taux d'inflation, France;M;FR;N;0;4;ANR;PCCH;1;0;A;SPB.T1101;P1M;4D0;F;A
ICP.M.FR.N.000000.4.ANR;2019-01;2019-01-01;2019-01-31;1,4;2025-09-18T10:11:59+00:00;ICP;France, Taux d'inflation;Taux d'inflation, France;M;FR;N;0;4;ANR;PCCH;1;0;A;SPB.T1101;P1M;4D0;F;A
ICP.M.FR.N.000000.4.ANR;2018-12;2018-12-01;2018-12-31;1,9;2025-09-18T10:11:59+00:00;ICP;France, Taux d'inflation;Taux d'inflation, France;M;FR;N;0;4;ANR;PCCH;1;0;A;SPB.T1101;P1M;4D0;F;A
ICP.M.FR.N.000000.4.ANR;2018-11;2018-11-01;2018-11-30;2,2;2025-09-18T10:11:59+00:00;ICP;France, Taux d'inflation;Taux d'inflation, France;M;FR;N;0;4;ANR;PCCH;1;0;A;SPB.T1101;P1M;4D0;F;A
ICP.M.FR.N.000000.4.ANR;2018-10;2018-10-01;2018-10-31;2,5;2025-09-18T10:11:59+00:00;ICP;France, Taux d'inflation;Taux d'inflation, France;M;FR;N;0;4;ANR;PCCH;1;0;A;SPB.T1101;P1M;4D0;F;A
ICP.M.FR.N.000000.4.ANR;2018-09;2018-09-01;2018-09-30;2,5;2025-09-18T10:11:59+00:00;ICP;France, Taux d'inflation;Taux d'inflation, France;M;FR;N;0;4;ANR;PCCH;1;0;A;SPB.T1101;P1M;4D0;F;A
ICP.M.FR.N.000000.4.ANR;2018-08;2018-08-01;2018-08-31;2,6;2025-09-18T10:11:59+00:00;ICP;France, Taux d'inflation;Taux d'inflation, France;M;FR;N;0;4;ANR;PCCH;1;0;A;SPB.T1101;P1M;4D0;F;A
ICP.M.FR.N.000000.4.ANR;2018-07;2018-07-01;2018-07-31;2,6;2025-09-18T10:12:00+00:00;ICP;France, Taux d'inflation;Taux d'inflation, France;M;FR;N;0;4;ANR;PCCH;1;0;A;SPB.T1101;P1M;4D0;F;A
ICP.M.FR.N.000000.4.ANR;2018-06;2018-06-01;2018-06-30;2,3;2025-09-18T10:12:00+00:00;ICP;France, Taux d'inflation;Taux d'inflation, France;M;FR;N;0;4;ANR;PCCH;1;0;A;SPB.T1101;P1M;4D0;F;A
ICP.M.FR.N.000000.4.ANR;2018-05;2018-05-01;2018-05-31;2,3;2025-09-18T10:12:00+00:00;ICP;France, Taux d'inflation;Taux d'inflation, France;M;FR;N;0;4;ANR;PCCH;1;0;A;SPB.T1101;P1M;4D0;F;A
ICP.M.FR.N.000000.4.ANR;2018-04;2018-04-01;2018-04-30;1,8;2025-09-18T10:12:00+00:00;ICP;France, Taux d'inflation;Taux d'inflation, France;M;FR;N;0;4;ANR;PCCH;1;0;A;SPB.T1101;P1M;4D0;F;A
ICP.M.FR.N.000000.4.ANR;2018-03;2018-03-01;2018-03-31;1,7;2025-09-18T10:12:00+00:00;ICP;France, Taux d'inflation;Taux d'inflation, France;M;FR;N;0;4;ANR;PCCH;1;0;A;SPB.T1101;P1M;4D0;F;A
ICP.M.FR.N.000000.4.ANR;2018-02;2018-02-01;2018-02-28;1,3;2025-09-18T10:12:00+00:00;ICP;France, Taux d'inflation;Taux d'inflation, France;M;FR;N;0;4;ANR;PCCH;1;0;A;SPB.T1101;P1M;4D0;F;A
ICP.M.FR.N.000000.4.ANR;2018-01;2018-01-01;2018-01-31;1,5;2025-09-18T10:12:00+00:00;ICP;France, Taux d'inflation;Taux d'inflation, France;M;FR;N;0;4;ANR;PCCH;1;0;A;SPB.T1101;P1M;4D0;F;A
ICP.M.FR.N.000000.4.ANR;2017-12;2017-12-01;2017-12-31;1,2;2025-09-18T10:12:00+00:00;ICP;France, Taux d'inflation;Taux d'inflation, France;M;FR;N;0;4;ANR;PCCH;1;0;A;SPB.T1101;P1M;4D0;F;A
ICP.M.FR.N.000000.4.ANR;2017-11;2017-11-01;2017-11-30;1,2;2025-09-18T10:12:00+00:00;ICP;France, Taux d'inflation;Taux d'inflation, France;M;FR;N;0;4;ANR;PCCH;1;0;A;SPB.T1101;P1M;4D0;F;A
ICP.M.FR.N.000000.4.ANR;2017-10;2017-10-01;2017-10-31;1,2;2025-09-18T10:12:00+00:00;ICP;France, Taux d'inflation;Taux d'inflation, France;M;FR;N;0;4;ANR;PCCH;1;0;A;SPB.T1101;P1M;4D0;F;A
ICP.M.FR.N.000000.4.ANR;2017-09;2017-09-01;2017-09-30;1,1;2025-09-18T10:12:00+00:00;ICP;France, Taux d'inflation;Taux d'inflation, France;M;FR;N;0;4;ANR;PCCH;1;0;A;SPB.T1101;P1M;4D0;F;A
ICP.M.FR.N.000000.4.ANR;2017-08;2017-08-01;2017-08-31;1,0;2025-09-18T10:12:00+00:00;ICP;France, Taux d'inflation;Taux d'inflation, France;M;FR;N;0;4;ANR;PCCH;1;0;A;SPB.T1101;P1M;4D0;F;A
ICP.M.FR.N.000000.4.ANR;2017-07;2017-07-01;2017-07-31;0,8;2025-09-18T10:12:00+00:00;ICP;France, Taux d'inflation;Taux d'inflation, France;M;FR;N;0;4;ANR;PCCH;1;0;A;SPB.T1101;P1M;4D0;F;A
ICP.M.FR.N.000000.4.ANR;2017-06;2017-06-01;2017-06-30;0,8;2025-09-18T10:12:00+00:00;ICP;France, Taux d'inflation;Taux d'inflation, France;M;FR;N;0;4;ANR;PCCH;1;0;A;SPB.T1101;P1M;4D0;F;A
ICP.M.FR.N.000000.4.ANR;2017-05;2017-05-01;2017-05-31;0,9;2025-09-18T10:12:00+00:00;ICP;France, Taux d'inflation;Taux d'inflation, France;M;FR;N;0;4;ANR;PCCH;1;0;A;SPB.T1101;P1M;4D0;F;A
ICP.M.FR.N.000000.4.ANR;2017-04;2017-04-01;2017-04-30;1,4;2025-09-18T10:12:00+00:00;ICP;France, Taux d'inflation;Taux d'inflation, France;M;FR;N;0;4;ANR;PCCH;1;0;A;SPB.T1101;P1M;4D0;F;A
ICP.M.FR.N.000000.4.ANR;2017-03;2017-03-01;2017-03-31;1,4;2025-09-18T10:12:00+00:00;ICP;France, Taux d'inflation;Taux d'inflation, France;M;FR;N;0;4;ANR;PCCH;1;0;A;SPB.T1101;P1M;4D0;F;A
ICP.M.FR.N.000000.4.ANR;2017-02;2017-02-01;2017-02-28;1,4;2025-09-18T10:12:00+00:00;ICP;France, Taux d'inflation;Taux d'inflation, France;M;FR;N;0;4;ANR;PCCH;1;0;A;SPB.T1101;P1M;4D0;F;A
ICP.M.FR.N.000000.4.ANR;2017-01;2017-01-01;2017-01-31;1,6;2025-09-18T10:12:00+00:00;ICP;France, Taux d'inflation;Taux d'inflation, France;M;FR;N;0;4;ANR;PCCH;1;0;A;SPB.T1101;P1M;4D0;F;A
ICP.M.FR.N.000000.4.ANR;2016-12;2016-12-01;2016-12-31;0,8;2025-09-18T10:12:00+00:00;ICP;France, Taux d'inflation;Taux d'inflation, France;M;FR;N;0;4;ANR;PCCH;1;0;A;SPB.T1101;P1M;4D0;F;A
ICP.M.FR.N.000000.4.ANR;2016-11;2016-11-01;2016-11-30;0,7;2025-09-18T10:12:00+00:00;ICP;France, Taux d'inflation;Taux d'inflation, France;M;FR;N;0;4;ANR;PCCH;1;0;A;SPB.T1101;P1M;4D0;F;A
ICP.M.FR.N.000000.4.ANR;2016-10;2016-10-01;2016-10-31;0,5;2025-09-18T10:12:00+00:00;ICP;France, Taux d'inflation;Taux d'inflation, France;M;FR;N;0;4;ANR;PCCH;1;0;A;SPB.T1101;P1M;4D0;F;A
ICP.M.FR.N.000000.4.ANR;2016-09;2016-09-01;2016-09-30;0,5;2025-09-18T10:12:00+00:00;ICP;France, Taux d'inflation;Taux d'inflation, France;M;FR;N;0;4;ANR;PCCH;1;0;A;SPB.T1101;P1M;4D0;F;A
ICP.M.FR.N.000000.4.ANR;2016-08;2016-08-01;2016-08-31;0,4;2025-09-18T10:12:00+00:00;ICP;France, Taux d'inflation;Taux d'inflation, France;M;FR;N;0;4;ANR;PCCH;1;0;A;SPB.T1101;P1M;4D0;F;A
ICP.M.FR.N.000000.4.ANR;2016-07;2016-07-01;2016-07-31;0,4;2025-09-18T10:12:00+00:00;ICP;France, Taux d'inflation;Taux d'inflation, France;M;FR;N;0;4;ANR;PCCH;1;0;A;SPB.T1101;P1M;4D0;F;A
ICP.M.FR.N.000000.4.ANR;2016-06;2016-06-01;2016-06-30;0,3;2025-09-18T10:12:00+00:00;ICP;France, Taux d'inflation;Taux d'inflation, France;M;FR;N;0;4;ANR;PCCH;1;0;A;SPB.T1101;P1M;4D0;F;A
ICP.M.FR.N.000000.4.ANR;2016-05;2016-05-01;2016-05-31;0,1;2025-09-18T10:12:00+00:00;ICP;France, Taux d'inflation;Taux d'inflation, France;M;FR;N;0;4;ANR;PCCH;1;0;A;SPB.T1101;P1M;4D0;F;A
ICP.M.FR.N.000000.4.ANR;2016-04;2016-04-01;2016-04-30;-0,1;2025-09-18T10:12:00+00:00;ICP;France, Taux d'inflation;Taux d'inflation, France;M;FR;N;0;4;ANR;PCCH;1;0;A;SPB.T1101;P1M;4D0;F;A
ICP.M.FR.N.000000.4.ANR;2016-03;2016-03-01;2016-03-31;-0,1;2025-09-18T10:12:00+00:00;ICP;France, Taux d'inflation;Taux d'inflation, France;M;FR;N;0;4;ANR;PCCH;1;0;A;SPB.T1101;P1M;4D0;F;A
ICP.M.FR.N.000000.4.ANR;2016-02;2016-02-01;2016-02-29;-0,1;2025-09-18T10:12:00+00:00;ICP;France, Taux d'inflation;Taux d'inflation, France;M;FR;N;0;4;ANR;PCCH;1;0;A;SPB.T1101;P1M;4D0;F;A
ICP.M.FR.N.000000.4.ANR;2016-01;2016-01-01;2016-01-31;0,3;2025-09-18T10:12:00+00:00;ICP;France, Taux d'inflation;Taux d'inflation, France;M;FR;N;0;4;ANR;PCCH;1;0;A;SPB.T1101;P1M;4D0;F;A
ICP.M.FR.N.000000.4.ANR;2015-12;2015-12-01;2015-12-31;0,3;2025-09-18T10:12:00+00:00;ICP;France, Taux d'inflation;Taux d'inflation, France;M;FR;N;0;4;ANR;PCCH;1;0;A;SPB.T1101;P1M;4D0;F;A
ICP.M.FR.N.000000.4.ANR;2015-11;2015-11-01;2015-11-30;0,1;2025-09-18T10:12:00+00:00;ICP;France, Taux d'inflation;Taux d'inflation, France;M;FR;N;0;4;ANR;PCCH;1;0;A;SPB.T1101;P1M;4D0;F;A
ICP.M.FR.N.000000.4.ANR;2015-10;2015-10-01;2015-10-31;0,2;2025-09-18T10:12:00+00:00;ICP;France, Taux d'inflation;Taux d'inflation, France;M;FR;N;0;4;ANR;PCCH;1;0;A;SPB.T1101;P1M;4D0;F;A
ICP.M.FR.N.000000.4.ANR;2015-09;2015-09-01;2015-09-30;0,1;2025-09-18T10:12:00+00:00;ICP;France, Taux d'inflation;Taux d'inflation, France;M;FR;N;0;4;ANR;PCCH;1;0;A;SPB.T1101;P1M;4D0;F;A
ICP.M.FR.N.000000.4.ANR;2015-08;2015-08-01;2015-08-31;0,1;2025-09-18T10:12:00+00:00;ICP;France, Taux d'inflation;Taux d'inflation, France;M;FR;N;0;4;ANR;PCCH;1;0;A;SPB.T1101;P1M;4D0;F;A
ICP.M.FR.N.000000.4.ANR;2015-07;2015-07-01;2015-07-31;0,2;2025-09-18T10:12:00+00:00;ICP;France, Taux d'inflation;Taux d'inflation, France;M;FR;N;0;4;ANR;PCCH;1;0;A;SPB.T1101;P1M;4D0;F;A
ICP.M.FR.N.000000.4.ANR;2015-06;2015-06-01;2015-06-30;0,3;2025-09-18T10:12:00+00:00;ICP;France, Taux d'inflation;Taux d'inflation, France;M;FR;N;0;4;ANR;PCCH;1;0;A;SPB.T1101;P1M;4D0;F;A
ICP.M.FR.N.000000.4.ANR;2015-05;2015-05-01;2015-05-31;0,3;2025-09-18T10:12:00+00:00;ICP;France, Taux d'inflation;Taux d'inflation, France;M;FR;N;0;4;ANR;PCCH;1;0;A;SPB.T1101;P1M;4D0;F;A
ICP.M.FR.N.000000.4.ANR;2015-04;2015-04-01;2015-04-30;0,1;2025-09-18T10:12:00+00:00;ICP;France, Taux d'inflation;Taux d'inflation, France;M;FR;N;0;4;ANR;PCCH;1;0;A;SPB.T1101;P1M;4D0;F;A
ICP.M.FR.N.000000.4.ANR;2015-03;2015-03-01;2015-03-31;0,0;2025-09-18T10:12:00+00:00;ICP;France, Taux d'inflation;Taux d'inflation, France;M;FR;N;0;4;ANR;PCCH;1;0;A;SPB.T1101;P1M;4D0;F;A
ICP.M.FR.N.000000.4.ANR;2015-02;2015-02-01;2015-02-28;-0,3;2025-09-18T10:12:00+00:00;ICP;France, Taux d'inflation;Taux d'inflation, France;M;FR;N;0;4;ANR;PCCH;1;0;A;SPB.T1101;P1M;4D0;F;A
ICP.M.FR.N.000000.4.ANR;2015-01;2015-01-01;2015-01-31;-0,4;2025-09-18T10:12:00+00:00;ICP;France, Taux d'inflation;Taux d'inflation, France;M;FR;N;0;4;ANR;PCCH;1;0;A;SPB.T1101;P1M;4D0;F;A
ICP.M.FR.N.000000.4.ANR;2014-12;2014-12-01;2014-12-31;0,1;2025-09-18T10:12:00+00:00;ICP;France, Taux d'inflation;Taux d'inflation, France;M;FR;N;0;4;ANR;PCCH;1;0;A;SPB.T1101;P1M;4D0;F;A
ICP.M.FR.N.000000.4.ANR;2014-11;2014-11-01;2014-11-30;0,4;2025-09-18T10:12:00+00:00;ICP;France, Taux d'inflation;Taux d'inflation, France;M;FR;N;0;4;ANR;PCCH;1;0;A;SPB.T1101;P1M;4D0;F;A
ICP.M.FR.N.000000.4.ANR;2014-10;2014-10-01;2014-10-31;0,5;2025-09-18T10:12:00+00:00;ICP;France, Taux d'inflation;Taux d'inflation, France;M;FR;N;0;4;ANR;PCCH;1;0;A;SPB.T1101;P1M;4D0;F;A
ICP.M.FR.N.000000.4.ANR;2014-09;2014-09-01;2014-09-30;0,4;2025-09-18T10:12:00+00:00;ICP;France, Taux d'inflation;Taux d'inflation, France;M;FR;N;0;4;ANR;PCCH;1;0;A;SPB.T1101;P1M;4D0;F;A
ICP.M.FR.N.000000.4.ANR;2014-08;2014-08-01;2014-08-31;0,5;2025-09-18T10:12:00+00:00;ICP;France, Taux d'inflation;Taux d'inflation, France;M;FR;N;0;4;ANR;PCCH;1;0;A;SPB.T1101;P1M;4D0;F;A
ICP.M.FR.N.000000.4.ANR;2014-07;2014-07-01;2014-07-31;0,6;2025-09-18T10:12:00+00:00;ICP;France, Taux d'inflation;Taux d'inflation, France;M;FR;N;0;4;ANR;PCCH;1;0;A;SPB.T1101;P1M;4D0;F;A
ICP.M.FR.N.000000.4.ANR;2014-06;2014-06-01;2014-06-30;0,6;2025-09-18T10:12:00+00:00;ICP;France, Taux d'inflation;Taux d'inflation, France;M;FR;N;0;4;ANR;PCCH;1;0;A;SPB.T1101;P1M;4D0;F;A
ICP.M.FR.N.000000.4.ANR;2014-05;2014-05-01;2014-05-31;0,8;2025-09-18T10:12:00+00:00;ICP;France, Taux d'inflation;Taux d'inflation, France;M;FR;N;0;4;ANR;PCCH;1;0;A;SPB.T1101;P1M;4D0;F;A
ICP.M.FR.N.000000.4.ANR;2014-04;2014-04-01;2014-04-30;0,8;2025-09-18T10:12:00+00:00;ICP;France, Taux d'inflation;Taux d'inflation, France;M;FR;N;0;4;ANR;PCCH;1;0;A;SPB.T1101;P1M;4D0;F;A
ICP.M.FR.N.000000.4.ANR;2014-03;2014-03-01;2014-03-31;0,8;2025-09-18T10:12:00+00:00;ICP;France, Taux d'inflation;Taux d'inflation, France;M;FR;N;0;4;ANR;PCCH;1;0;A;SPB.T1101;P1M;4D0;F;A
ICP.M.FR.N.000000.4.ANR;2014-02;2014-02-01;2014-02-28;1,1;2025-09-18T10:12:00+00:00;ICP;France, Taux d'inflation;Taux d'inflation, France;M;FR;N;0;4;ANR;PCCH;1;0;A;SPB.T1101;P1M;4D0;F;A
ICP.M.FR.N.000000.4.ANR;2014-01;2014-01-01;2014-01-31;0,8;2025-09-18T10:12:00+00:00;ICP;France, Taux d'inflation;Taux d'inflation, France;M;FR;N;0;4;ANR;PCCH;1;0;A;SPB.T1101;P1M;4D0;F;A
ICP.M.FR.N.000000.4.ANR;2013-12;2013-12-01;2013-12-31;0,8;2025-09-18T10:12:00+00:00;ICP;France, Taux d'inflation;Taux d'inflation, France;M;FR;N;0;4;ANR;PCCH;1;0;A;SPB.T1101;P1M;4D0;F;A
ICP.M.FR.N.000000.4.ANR;2013-11;2013-11-01;2013-11-30;0,8;2025-09-18T10:12:00+00:00;ICP;France, Taux d'inflation;Taux d'inflation, France;M;FR;N;0;4;ANR;PCCH;1;0;A;SPB.T1101;P1M;4D0;F;A
ICP.M.FR.N.000000.4.ANR;2013-10;2013-10-01;2013-10-31;0,7;2025-09-18T10:12:00+00:00;ICP;France, Taux d'inflation;Taux d'inflation, France;M;FR;N;0;4;ANR;PCCH;1;0;A;SPB.T1101;P1M;4D0;F;A
ICP.M.FR.N.000000.4.ANR;2013-09;2013-09-01;2013-09-30;1,0;2025-09-18T10:12:00+00:00;ICP;France, Taux d'inflation;Taux d'inflation, France;M;FR;N;0;4;ANR;PCCH;1;0;A;SPB.T1101;P1M;4D0;F;A
ICP.M.FR.N.000000.4.ANR;2013-08;2013-08-01;2013-08-31;1,0;2025-09-18T10:12:00+00:00;ICP;France, Taux d'inflation;Taux d'inflation, France;M;FR;N;0;4;ANR;PCCH;1;0;A;SPB.T1101;P1M;4D0;F;A
ICP.M.FR.N.000000.4.ANR;2013-07;2013-07-01;2013-07-31;1,2;2025-09-18T10:12:00+00:00;ICP;France, Taux d'inflation;Taux d'inflation, France;M;FR;N;0;4;ANR;PCCH;1;0;A;SPB.T1101;P1M;4D0;F;A
ICP.M.FR.N.000000.4.ANR;2013-06;2013-06-01;2013-06-30;1,0;2025-09-18T10:12:00+00:00;ICP;France, Taux d'inflation;Taux d'inflation, France;M;FR;N;0;4;ANR;PCCH;1;0;A;SPB.T1101;P1M;4D0;F;A
ICP.M.FR.N.000000.4.ANR;2013-05;2013-05-01;2013-05-31;0,9;2025-09-18T10:12:00+00:00;ICP;France, Taux d'inflation;Taux d'inflation, France;M;FR;N;0;4;ANR;PCCH;1;0;A;SPB.T1101;P1M;4D0;F;A
ICP.M.FR.N.000000.4.ANR;2013-04;2013-04-01;2013-04-30;0,8;2025-09-18T10:12:00+00:00;ICP;France, Taux d'inflation;Taux d'inflation, France;M;FR;N;0;4;ANR;PCCH;1;0;A;SPB.T1101;P1M;4D0;F;A
ICP.M.FR.N.000000.4.ANR;2013-03;2013-03-01;2013-03-31;1,1;2025-09-18T10:12:00+00:00;ICP;France, Taux d'inflation;Taux d'inflation, France;M;FR;N;0;4;ANR;PCCH;1;0;A;SPB.T1101;P1M;4D0;F;A
ICP.M.FR.N.000000.4.ANR;2013-02;2013-02-01;2013-02-28;1,2;2025-09-18T10:12:00+00:00;ICP;France, Taux d'inflation;Taux d'inflation, France;M;FR;N;0;4;ANR;PCCH;1;0;A;SPB.T1101;P1M;4D0;F;A
ICP.M.FR.N.000000.4.ANR;2013-01;2013-01-01;2013-01-31;1,4;2025-09-18T10:12:00+00:00;ICP;France, Taux d'inflation;Taux d'inflation, France;M;FR;N;0;4;ANR;PCCH;1;0;A;SPB.T1101;P1M;4D0;F;A
ICP.M.FR.N.000000.4.ANR;2012-12;2012-12-01;2012-12-31;1,5;2025-09-18T10:12:00+00:00;ICP;France, Taux d'inflation;Taux d'inflation, France;M;FR;N;0;4;ANR;PCCH;1;0;A;SPB.T1101;P1M;4D0;F;A
ICP.M.FR.N.000000.4.ANR;2012-11;2012-11-01;2012-11-30;1,6;2025-09-18T10:12:00+00:00;ICP;France, Taux d'inflation;Taux d'inflation, France;M;FR;N;0;4;ANR;PCCH;1;0;A;SPB.T1101;P1M;4D0;F;A
ICP.M.FR.N.000000.4.ANR;2012-10;2012-10-01;2012-10-31;2,1;2025-09-18T10:12:00+00:00;ICP;France, Taux d'inflation;Taux d'inflation, France;M;FR;N;0;4;ANR;PCCH;1;0;A;SPB.T1101;P1M;4D0;F;A
ICP.M.FR.N.000000.4.ANR;2012-09;2012-09-01;2012-09-30;2,2;2025-09-18T10:12:00+00:00;ICP;France, Taux d'inflation;Taux d'inflation, France;M;FR;N;0;4;ANR;PCCH;1;0;A;SPB.T1101;P1M;4D0;F;A
ICP.M.FR.N.000000.4.ANR;2012-08;2012-08-01;2012-08-31;2,4;2025-09-18T10:12:00+00:00;ICP;France, Taux d'inflation;Taux d'inflation, France;M;FR;N;0;4;ANR;PCCH;1;0;A;SPB.T1101;P1M;4D0;F;A
ICP.M.FR.N.000000.4.ANR;2012-07;2012-07-01;2012-07-31;2,2;2025-09-18T10:12:00+00:00;ICP;France, Taux d'inflation;Taux d'inflation, France;M;FR;N;0;4;ANR;PCCH;1;0;A;SPB.T1101;P1M;4D0;F;A
ICP.M.FR.N.000000.4.ANR;2012-06;2012-06-01;2012-06-30;2,3;2025-09-18T10:12:00+00:00;ICP;France, Taux d'inflation;Taux d'inflation, France;M;FR;N;0;4;ANR;PCCH;1;0;A;SPB.T1101;P1M;4D0;F;A
ICP.M.FR.N.000000.4.ANR;2012-05;2012-05-01;2012-05-31;2,3;2025-09-18T10:12:00+00:00;ICP;France, Taux d'inflation;Taux d'inflation, France;M;FR;N;0;4;ANR;PCCH;1;0;A;SPB.T1101;P1M;4D0;F;A
ICP.M.FR.N.000000.4.ANR;2012-04;2012-04-01;2012-04-30;2,4;2025-09-18T10:12:00+00:00;ICP;France, Taux d'inflation;Taux d'inflation, France;M;FR;N;0;4;ANR;PCCH;1;0;A;SPB.T1101;P1M;4D0;F;A
ICP.M.FR.N.000000.4.ANR;2012-03;2012-03-01;2012-03-31;2,6;2025-09-18T10:12:00+00:00;ICP;France, Taux d'inflation;Taux d'inflation, France;M;FR;N;0;4;ANR;PCCH;1;0;A;SPB.T1101;P1M;4D0;F;A
ICP.M.FR.N.000000.4.ANR;2012-02;2012-02-01;2012-02-29;2,5;2025-09-18T10:12:00+00:00;ICP;France, Taux d'inflation;Taux d'inflation, France;M;FR;N;0;4;ANR;PCCH;1;0;A;SPB.T1101;P1M;4D0;F;A
ICP.M.FR.N.000000.4.ANR;2012-01;2012-01-01;2012-01-31;2,6;2025-09-18T10:12:00+00:00;ICP;France, Taux d'inflation;Taux d'inflation, France;M;FR;N;0;4;ANR;PCCH;1;0;A;SPB.T1101;P1M;4D0;F;A
ICP.M.FR.N.000000.4.ANR;2011-12;2011-12-01;2011-12-31;2,7;2025-09-18T10:12:00+00:00;ICP;France, Taux d'inflation;Taux d'inflation, France;M;FR;N;0;4;ANR;PCCH;1;0;A;SPB.T1101;P1M;4D0;F;A
ICP.M.FR.N.000000.4.ANR;2011-11;2011-11-01;2011-11-30;2,7;2025-09-18T10:12:00+00:00;ICP;France, Taux d'inflation;Taux d'inflation, France;M;FR;N;0;4;ANR;PCCH;1;0;A;SPB.T1101;P1M;4D0;F;A
ICP.M.FR.N.000000.4.ANR;2011-10;2011-10-01;2011-10-31;2,5;2025-09-18T10:12:00+00:00;ICP;France, Taux d'inflation;Taux d'inflation, France;M;FR;N;0;4;ANR;PCCH;1;0;A;SPB.T1101;P1M;4D0;F;A
ICP.M.FR.N.000000.4.ANR;2011-09;2011-09-01;2011-09-30;2,4;2025-09-18T10:12:00+00:00;ICP;France, Taux d'inflation;Taux d'inflation, France;M;FR;N;0;4;ANR;PCCH;1;0;A;SPB.T1101;P1M;4D0;F;A
ICP.M.FR.N.000000.4.ANR;2011-08;2011-08-01;2011-08-31;2,4;2025-09-18T10:12:00+00:00;ICP;France, Taux d'inflation;Taux d'inflation, France;M;FR;N;0;4;ANR;PCCH;1;0;A;SPB.T1101;P1M;4D0;F;A
ICP.M.FR.N.000000.4.ANR;2011-07;2011-07-01;2011-07-31;2,1;2025-09-18T10:12:00+00:00;ICP;France, Taux d'inflation;Taux d'inflation, France;M;FR;N;0;4;ANR;PCCH;1;0;A;SPB.T1101;P1M;4D0;F;A
ICP.M.FR.N.000000.4.ANR;2011-06;2011-06-01;2011-06-30;2,3;2025-09-18T10:12:00+00:00;ICP;France, Taux d'inflation;Taux d'inflation, France;M;FR;N;0;4;ANR;PCCH;1;0;A;SPB.T1101;P1M;4D0;F;A
ICP.M.FR.N.000000.4.ANR;2011-05;2011-05-01;2011-05-31;2,2;2025-09-18T10:12:00+00:00;ICP;France, Taux d'inflation;Taux d'inflation, France;M;FR;N;0;4;ANR;PCCH;1;0;A;SPB.T1101;P1M;4D0;F;A
ICP.M.FR.N.000000.4.ANR;2011-04;2011-04-01;2011-04-30;2,2;2025-09-18T10:12:00+00:00;ICP;France, Taux d'inflation;Taux d'inflation, France;M;FR;N;0;4;ANR;PCCH;1;0;A;SPB.T1101;P1M;4D0;F;A
ICP.M.FR.N.000000.4.ANR;2011-03;2011-03-01;2011-03-31;2,2;2025-09-18T10:12:00+00:00;ICP;France, Taux d'inflation;Taux d'inflation, France;M;FR;N;0;4;ANR;PCCH;1;0;A;SPB.T1101;P1M;4D0;F;A
ICP.M.FR.N.000000.4.ANR;2011-02;2011-02-01;2011-02-28;1,8;2025-09-18T10:12:00+00:00;ICP;France, Taux d'inflation;Taux d'inflation, France;M;FR;N;0;4;ANR;PCCH;1;0;A;SPB.T1101;P1M;4D0;F;A
ICP.M.FR.N.000000.4.ANR;2011-01;2011-01-01;2011-01-31;2,0;2025-09-18T10:12:00+00:00;ICP;France, Taux d'inflation;Taux d'inflation, France;M;FR;N;0;4;ANR;PCCH;1;0;A;SPB.T1101;P1M;4D0;F;A
ICP.M.FR.N.000000.4.ANR;2010-12;2010-12-01;2010-12-31;2,0;2025-09-18T10:12:00+00:00;ICP;France, Taux d'inflation;Taux d'inflation, France;M;FR;N;0;4;ANR;PCCH;1;0;A;SPB.T1101;P1M;4D0;F;A
ICP.M.FR.N.000000.4.ANR;2010-11;2010-11-01;2010-11-30;1,8;2025-09-18T10:12:00+00:00;ICP;France, Taux d'inflation;Taux d'inflation, France;M;FR;N;0;4;ANR;PCCH;1;0;A;SPB.T1101;P1M;4D0;F;A
ICP.M.FR.N.000000.4.ANR;2010-10;2010-10-01;2010-10-31;1,8;2025-09-18T10:12:00+00:00;ICP;France, Taux d'inflation;Taux d'inflation, France;M;FR;N;0;4;ANR;PCCH;1;0;A;SPB.T1101;P1M;4D0;F;A
ICP.M.FR.N.000000.4.ANR;2010-09;2010-09-01;2010-09-30;1,8;2025-09-18T10:12:00+00:00;ICP;France, Taux d'inflation;Taux d'inflation, France;M;FR;N;0;4;ANR;PCCH;1;0;A;SPB.T1101;P1M;4D0;F;A
ICP.M.FR.N.000000.4.ANR;2010-08;2010-08-01;2010-08-31;1,6;2025-09-18T10:12:00+00:00;ICP;France, Taux d'inflation;Taux d'inflation, France;M;FR;N;0;4;ANR;PCCH;1;0;A;SPB.T1101;P1M;4D0;F;A
ICP.M.FR.N.000000.4.ANR;2010-07;2010-07-01;2010-07-31;1,9;2025-09-18T10:12:00+00:00;ICP;France, Taux d'inflation;Taux d'inflation, France;M;FR;N;0;4;ANR;PCCH;1;0;A;SPB.T1101;P1M;4D0;F;A
ICP.M.FR.N.000000.4.ANR;2010-06;2010-06-01;2010-06-30;1,7;2025-09-18T10:12:00+00:00;ICP;France, Taux d'inflation;Taux d'inflation, France;M;FR;N;0;4;ANR;PCCH;1;0;A;SPB.T1101;P1M;4D0;F;A
ICP.M.FR.N.000000.4.ANR;2010-05;2010-05-01;2010-05-31;1,9;2025-09-18T10:12:00+00:00;ICP;France, Taux d'inflation;Taux d'inflation, France;M;FR;N;0;4;ANR;PCCH;1;0;A;SPB.T1101;P1M;4D0;F;A
ICP.M.FR.N.000000.4.ANR;2010-04;2010-04-01;2010-04-30;1,9;2025-09-18T10:12:00+00:00;ICP;France, Taux d'inflation;Taux d'inflation, France;M;FR;N;0;4;ANR;PCCH;1;0;A;SPB.T1101;P1M;4D0;F;A
ICP.M.FR.N.000000.4.ANR;2010-03;2010-03-01;2010-03-31;1,7;2025-09-18T10:12:00+00:00;ICP;France, Taux d'inflation;Taux d'inflation, France;M;FR;N;0;4;ANR;PCCH;1;0;A;SPB.T1101;P1M;4D0;F;A
ICP.M.FR.N.000000.4.ANR;2010-02;2010-02-01;2010-02-28;1,4;2025-09-18T10:12:00+00:00;ICP;France, Taux d'inflation;Taux d'inflation, France;M;FR;N;0;4;ANR;PCCH;1;0;A;SPB.T1101;P1M;4D0;F;A
ICP.M.FR.N.000000.4.ANR;2010-01;2010-01-01;2010-01-31;1,2;2025-09-18T10:12:00+00:00;ICP;France, Taux d'inflation;Taux d'inflation, France;M;FR;N;0;4;ANR;PCCH;1;0;A;SPB.T1101;P1M;4D0;F;A
ICP.M.FR.N.000000.4.ANR;2009-12;2009-12-01;2009-12-31;1,0;2025-09-18T10:12:00+00:00;ICP;France, Taux d'inflation;Taux d'inflation, France;M;FR;N;0;4;ANR;PCCH;1;0;A;SPB.T1101;P1M;4D0;F;A
ICP.M.FR.N.000000.4.ANR;2009-11;2009-11-01;2009-11-30;0,5;2025-09-18T10:12:00+00:00;ICP;France, Taux d'inflation;Taux d'inflation, France;M;FR;N;0;4;ANR;PCCH;1;0;A;SPB.T1101;P1M;4D0;F;A
ICP.M.FR.N.000000.4.ANR;2009-10;2009-10-01;2009-10-31;-0,2;2025-09-18T10:12:00+00:00;ICP;France, Taux d'inflation;Taux d'inflation, France;M;FR;N;0;4;ANR;PCCH;1;0;A;SPB.T1101;P1M;4D0;F;A
ICP.M.FR.N.000000.4.ANR;2009-09;2009-09-01;2009-09-30;-0,4;2025-09-18T10:12:00+00:00;ICP;France, Taux d'inflation;Taux d'inflation, France;M;FR;N;0;4;ANR;PCCH;1;0;A;SPB.T1101;P1M;4D0;F;A
ICP.M.FR.N.000000.4.ANR;2009-08;2009-08-01;2009-08-31;-0,2;2025-09-18T10:12:00+00:00;ICP;France, Taux d'inflation;Taux d'inflation, France;M;FR;N;0;4;ANR;PCCH;1;0;A;SPB.T1101;P1M;4D0;F;A
ICP.M.FR.N.000000.4.ANR;2009-07;2009-07-01;2009-07-31;-0,8;2025-09-18T10:12:00+00:00;ICP;France, Taux d'inflation;Taux d'inflation, France;M;FR;N;0;4;ANR;PCCH;1;0;A;SPB.T1101;P1M;4D0;F;A
ICP.M.FR.N.000000.4.ANR;2009-06;2009-06-01;2009-06-30;-0,6;2025-09-18T10:12:00+00:00;ICP;France, Taux d'inflation;Taux d'inflation, France;M;FR;N;0;4;ANR;PCCH;1;0;A;SPB.T1101;P1M;4D0;F;A
ICP.M.FR.N.000000.4.ANR;2009-05;2009-05-01;2009-05-31;-0,3;2025-09-18T10:12:00+00:00;ICP;France, Taux d'inflation;Taux d'inflation, France;M;FR;N;0;4;ANR;PCCH;1;0;A;SPB.T1101;P1M;4D0;F;A
ICP.M.FR.N.000000.4.ANR;2009-04;2009-04-01;2009-04-30;0,1;2025-09-18T10:12:00+00:00;ICP;France, Taux d'inflation;Taux d'inflation, France;M;FR;N;0;4;ANR;PCCH;1;0;A;SPB.T1101;P1M;4D0;F;A
ICP.M.FR.N.000000.4.ANR;2009-03;2009-03-01;2009-03-31;0,4;2025-09-18T10:12:00+00:00;ICP;France, Taux d'inflation;Taux d'inflation, France;M;FR;N;0;4;ANR;PCCH;1;0;A;SPB.T1101;P1M;4D0;F;A
ICP.M.FR.N.000000.4.ANR;2009-02;2009-02-01;2009-02-28;1,0;2025-09-18T10:12:00+00:00;ICP;France, Taux d'inflation;Taux d'inflation, France;M;FR;N;0;4;ANR;PCCH;1;0;A;SPB.T1101;P1M;4D0;F;A
ICP.M.FR.N.000000.4.ANR;2009-01;2009-01-01;2009-01-31;0,8;2025-09-18T10:12:00+00:00;ICP;France, Taux d'inflation;Taux d'inflation, France;M;FR;N;0;4;ANR;PCCH;1;0;A;SPB.T1101;P1M;4D0;F;A
ICP.M.FR.N.000000.4.ANR;2008-12;2008-12-01;2008-12-31;1,2;2025-09-18T10:12:00+00:00;ICP;France, Taux d'inflation;Taux d'inflation, France;M;FR;N;0;4;ANR;PCCH;1;0;A;SPB.T1101;P1M;4D0;F;A
ICP.M.FR.N.000000.4.ANR;2008-11;2008-11-01;2008-11-30;1,9;2025-09-18T10:12:00+00:00;ICP;France, Taux d'inflation;Taux d'inflation, France;M;FR;N;0;4;ANR;PCCH;1;0;A;SPB.T1101;P1M;4D0;F;A
ICP.M.FR.N.000000.4.ANR;2008-10;2008-10-01;2008-10-31;3,0;2025-09-18T10:12:00+00:00;ICP;France, Taux d'inflation;Taux d'inflation, France;M;FR;N;0;4;ANR;PCCH;1;0;A;SPB.T1101;P1M;4D0;F;A
ICP.M.FR.N.000000.4.ANR;2008-09;2008-09-01;2008-09-30;3,4;2025-09-18T10:12:00+00:00;ICP;France, Taux d'inflation;Taux d'inflation, France;M;FR;N;0;4;ANR;PCCH;1;0;A;SPB.T1101;P1M;4D0;F;A
ICP.M.FR.N.000000.4.ANR;2008-08;2008-08-01;2008-08-31;3,5;2025-09-18T10:12:00+00:00;ICP;France, Taux d'inflation;Taux d'inflation, France;M;FR;N;0;4;ANR;PCCH;1;0;A;SPB.T1101;P1M;4D0;F;A
ICP.M.FR.N.000000.4.ANR;2008-07;2008-07-01;2008-07-31;4,0;2025-09-18T10:12:00+00:00;ICP;France, Taux d'inflation;Taux d'inflation, France;M;FR;N;0;4;ANR;PCCH;1;0;A;SPB.T1101;P1M;4D0;F;A
ICP.M.FR.N.000000.4.ANR;2008-06;2008-06-01;2008-06-30;4,0;2025-09-18T10:12:00+00:00;ICP;France, Taux d'inflation;Taux d'inflation, France;M;FR;N;0;4;ANR;PCCH;1;0;A;SPB.T1101;P1M;4D0;F;A
ICP.M.FR.N.000000.4.ANR;2008-05;2008-05-01;2008-05-31;3,7;2025-09-18T10:12:00+00:00;ICP;France, Taux d'inflation;Taux d'inflation, France;M;FR;N;0;4;ANR;PCCH;1;0;A;SPB.T1101;P1M;4D0;F;A
ICP.M.FR.N.000000.4.ANR;2008-04;2008-04-01;2008-04-30;3,4;2025-09-18T10:12:00+00:00;ICP;France, Taux d'inflation;Taux d'inflation, France;M;FR;N;0;4;ANR;PCCH;1;0;A;SPB.T1101;P1M;4D0;F;A
ICP.M.FR.N.000000.4.ANR;2008-03;2008-03-01;2008-03-31;3,5;2025-09-18T10:12:00+00:00;ICP;France, Taux d'inflation;Taux d'inflation, France;M;FR;N;0;4;ANR;PCCH;1;0;A;SPB.T1101;P1M;4D0;F;A
ICP.M.FR.N.000000.4.ANR;2008-02;2008-02-01;2008-02-29;3,2;2025-09-18T10:12:00+00:00;ICP;France, Taux d'inflation;Taux d'inflation, France;M;FR;N;0;4;ANR;PCCH;1;0;A;SPB.T1101;P1M;4D0;F;A
ICP.M.FR.N.000000.4.ANR;2008-01;2008-01-01;2008-01-31;3,2;2025-09-18T10:12:00+00:00;ICP;France, Taux d'inflation;Taux d'inflation, France;M;FR;N;0;4;ANR;PCCH;1;0;A;SPB.T1101;P1M;4D0;F;A
ICP.M.FR.N.000000.4.ANR;2007-12;2007-12-01;2007-12-31;2,8;2025-09-18T10:12:00+00:00;ICP;France, Taux d'inflation;Taux d'inflation, France;M;FR;N;0;4;ANR;PCCH;1;0;A;SPB.T1101;P1M;4D0;F;A
ICP.M.FR.N.000000.4.ANR;2007-11;2007-11-01;2007-11-30;2,6;2025-09-18T10:12:00+00:00;ICP;France, Taux d'inflation;Taux d'inflation, France;M;FR;N;0;4;ANR;PCCH;1;0;A;SPB.T1101;P1M;4D0;F;A
ICP.M.FR.N.000000.4.ANR;2007-10;2007-10-01;2007-10-31;2,1;2025-09-18T10:12:00+00:00;ICP;France, Taux d'inflation;Taux d'inflation, France;M;FR;N;0;4;ANR;PCCH;1;0;A;SPB.T1101;P1M;4D0;F;A
ICP.M.FR.N.000000.4.ANR;2007-09;2007-09-01;2007-09-30;1,6;2025-09-18T10:12:00+00:00;ICP;France, Taux d'inflation;Taux d'inflation, France;M;FR;N;0;4;ANR;PCCH;1;0;A;SPB.T1101;P1M;4D0;F;A
ICP.M.FR.N.000000.4.ANR;2007-08;2007-08-01;2007-08-31;1,3;2025-09-18T10:12:00+00:00;ICP;France, Taux d'inflation;Taux d'inflation, France;M;FR;N;0;4;ANR;PCCH;1;0;A;SPB.T1101;P1M;4D0;F;A
ICP.M.FR.N.000000.4.ANR;2007-07;2007-07-01;2007-07-31;1,2;2025-09-18T10:12:00+00:00;ICP;France, Taux d'inflation;Taux d'inflation, France;M;FR;N;0;4;ANR;PCCH;1;0;A;SPB.T1101;P1M;4D0;F;A
ICP.M.FR.N.000000.4.ANR;2007-06;2007-06-01;2007-06-30;1,3;2025-09-18T10:12:00+00:00;ICP;France, Taux d'inflation;Taux d'inflation, France;M;FR;N;0;4;ANR;PCCH;1;0;A;SPB.T1101;P1M;4D0;F;A
ICP.M.FR.N.000000.4.ANR;2007-05;2007-05-01;2007-05-31;1,2;2025-09-18T10:12:00+00:00;ICP;France, Taux d'inflation;Taux d'inflation, France;M;FR;N;0;4;ANR;PCCH;1;0;A;SPB.T1101;P1M;4D0;F;A
ICP.M.FR.N.000000.4.ANR;2007-04;2007-04-01;2007-04-30;1,3;2025-09-18T10:12:00+00:00;ICP;France, Taux d'inflation;Taux d'inflation, France;M;FR;N;0;4;ANR;PCCH;1;0;A;SPB.T1101;P1M;4D0;F;A
ICP.M.FR.N.000000.4.ANR;2007-03;2007-03-01;2007-03-31;1,2;2025-09-18T10:12:00+00:00;ICP;France, Taux d'inflation;Taux d'inflation, France;M;FR;N;0;4;ANR;PCCH;1;0;A;SPB.T1101;P1M;4D0;F;A
ICP.M.FR.N.000000.4.ANR;2007-02;2007-02-01;2007-02-28;1,2;2025-09-18T10:12:00+00:00;ICP;France, Taux d'inflation;Taux d'inflation, France;M;FR;N;0;4;ANR;PCCH;1;0;A;SPB.T1101;P1M;4D0;F;A
ICP.M.FR.N.000000.4.ANR;2007-01;2007-01-01;2007-01-31;1,4;2025-09-18T10:12:00+00:00;ICP;France, Taux d'inflation;Taux d'inflation, France;M;FR;N;0;4;ANR;PCCH;1;0;A;SPB.T1101;P1M;4D0;F;A
ICP.M.FR.N.000000.4.ANR;2006-12;2006-12-01;2006-12-31;1,7;2025-09-18T10:12:00+00:00;ICP;France, Taux d'inflation;Taux d'inflation, France;M;FR;N;0;4;ANR;PCCH;1;0;A;SPB.T1101;P1M;4D0;F;A
ICP.M.FR.N.000000.4.ANR;2006-11;2006-11-01;2006-11-30;1,6;2025-09-18T10:12:00+00:00;ICP;France, Taux d'inflation;Taux d'inflation, France;M;FR;N;0;4;ANR;PCCH;1;0;A;SPB.T1101;P1M;4D0;F;A
ICP.M.FR.N.000000.4.ANR;2006-10;2006-10-01;2006-10-31;1,2;2025-09-18T10:12:00+00:00;ICP;France, Taux d'inflation;Taux d'inflation, France;M;FR;N;0;4;ANR;PCCH;1;0;A;SPB.T1101;P1M;4D0;F;A
ICP.M.FR.N.000000.4.ANR;2006-09;2006-09-01;2006-09-30;1,5;2025-09-18T10:12:00+00:00;ICP;France, Taux d'inflation;Taux d'inflation, France;M;FR;N;0;4;ANR;PCCH;1;0;A;SPB.T1101;P1M;4D0;F;A
ICP.M.FR.N.000000.4.ANR;2006-08;2006-08-01;2006-08-31;2,1;2025-09-18T10:12:00+00:00;ICP;France, Taux d'inflation;Taux d'inflation, France;M;FR;N;0;4;ANR;PCCH;1;0;A;SPB.T1101;P1M;4D0;F;A
ICP.M.FR.N.000000.4.ANR;2006-07;2006-07-01;2006-07-31;2,2;2025-09-18T10:12:00+00:00;ICP;France, Taux d'inflation;Taux d'inflation, France;M;FR;N;0;4;ANR;PCCH;1;0;A;SPB.T1101;P1M;4D0;F;A
ICP.M.FR.N.000000.4.ANR;2006-06;2006-06-01;2006-06-30;2,2;2025-09-18T10:12:00+00:00;ICP;France, Taux d'inflation;Taux d'inflation, France;M;FR;N;0;4;ANR;PCCH;1;0;A;SPB.T1101;P1M;4D0;F;A
ICP.M.FR.N.000000.4.ANR;2006-05;2006-05-01;2006-05-31;2,3;2025-09-18T10:12:00+00:00;ICP;France, Taux d'inflation;Taux d'inflation, France;M;FR;N;0;4;ANR;PCCH;1;0;A;SPB.T1101;P1M;4D0;F;A
ICP.M.FR.N.000000.4.ANR;2006-04;2006-04-01;2006-04-30;2,0;2025-09-18T10:12:00+00:00;ICP;France, Taux d'inflation;Taux d'inflation, France;M;FR;N;0;4;ANR;PCCH;1;0;A;SPB.T1101;P1M;4D0;F;A
ICP.M.FR.N.000000.4.ANR;2006-03;2006-03-01;2006-03-31;1,7;2025-09-18T10:12:00+00:00;ICP;France, Taux d'inflation;Taux d'inflation, France;M;FR;N;0;4;ANR;PCCH;1;0;A;SPB.T1101;P1M;4D0;F;A
ICP.M.FR.N.000000.4.ANR;2006-02;2006-02-01;2006-02-28;2,0;2025-09-18T10:12:00+00:00;ICP;France, Taux d'inflation;Taux d'inflation, France;M;FR;N;0;4;ANR;PCCH;1;0;A;SPB.T1101;P1M;4D0;F;A
ICP.M.FR.N.000000.4.ANR;2006-01;2006-01-01;2006-01-31;2,2;2025-09-18T10:12:00+00:00;ICP;France, Taux d'inflation;Taux d'inflation, France;M;FR;N;0;4;ANR;PCCH;1;0;A;SPB.T1101;P1M;4D0;F;A
ICP.M.FR.N.000000.4.ANR;2005-12;2005-12-01;2005-12-31;1,8;2025-09-18T10:12:00+00:00;ICP;France, Taux d'inflation;Taux d'inflation, France;M;FR;N;0;4;ANR;PCCH;1;0;A;SPB.T1101;P1M;4D0;F;A
ICP.M.FR.N.000000.4.ANR;2005-11;2005-11-01;2005-11-30;1,8;2025-09-18T10:12:00+00:00;ICP;France, Taux d'inflation;Taux d'inflation, France;M;FR;N;0;4;ANR;PCCH;1;0;A;SPB.T1101;P1M;4D0;F;A
ICP.M.FR.N.000000.4.ANR;2005-10;2005-10-01;2005-10-31;2,0;2025-09-18T10:12:00+00:00;ICP;France, Taux d'inflation;Taux d'inflation, France;M;FR;N;0;4;ANR;PCCH;1;0;A;SPB.T1101;P1M;4D0;F;A
ICP.M.FR.N.000000.4.ANR;2005-09;2005-09-01;2005-09-30;2,3;2025-09-18T10:12:00+00:00;ICP;France, Taux d'inflation;Taux d'inflation, France;M;FR;N;0;4;ANR;PCCH;1;0;A;SPB.T1101;P1M;4D0;F;A
ICP.M.FR.N.000000.4.ANR;2005-08;2005-08-01;2005-08-31;2,0;2025-09-18T10:12:00+00:00;ICP;France, Taux d'inflation;Taux d'inflation, France;M;FR;N;0;4;ANR;PCCH;1;0;A;SPB.T1101;P1M;4D0;F;A
ICP.M.FR.N.000000.4.ANR;2005-07;2005-07-01;2005-07-31;1,8;2025-09-18T10:12:00+00:00;ICP;France, Taux d'inflation;Taux d'inflation, France;M;FR;N;0;4;ANR;PCCH;1;0;A;SPB.T1101;P1M;4D0;F;A
ICP.M.FR.N.000000.4.ANR;2005-06;2005-06-01;2005-06-30;1,8;2025-09-18T10:12:00+00:00;ICP;France, Taux d'inflation;Taux d'inflation, France;M;FR;N;0;4;ANR;PCCH;1;0;A;SPB.T1101;P1M;4D0;F;A
ICP.M.FR.N.000000.4.ANR;2005-05;2005-05-01;2005-05-31;1,7;2025-09-18T10:12:00+00:00;ICP;France, Taux d'inflation;Taux d'inflation, France;M;FR;N;0;4;ANR;PCCH;1;0;A;SPB.T1101;P1M;4D0;F;A
ICP.M.FR.N.000000.4.ANR;2005-04;2005-04-01;2005-04-30;2,0;2025-09-18T10:12:00+00:00;ICP;France, Taux d'inflation;Taux d'inflation, France;M;FR;N;0;4;ANR;PCCH;1;0;A;SPB.T1101;P1M;4D0;F;A
ICP.M.FR.N.000000.4.ANR;2005-03;2005-03-01;2005-03-31;2,1;2025-09-18T10:12:00+00:00;ICP;France, Taux d'inflation;Taux d'inflation, France;M;FR;N;0;4;ANR;PCCH;1;0;A;SPB.T1101;P1M;4D0;F;A
ICP.M.FR.N.000000.4.ANR;2005-02;2005-02-01;2005-02-28;1,9;2025-09-18T10:12:00+00:00;ICP;France, Taux d'inflation;Taux d'inflation, France;M;FR;N;0;4;ANR;PCCH;1;0;A;SPB.T1101;P1M;4D0;F;A
ICP.M.FR.N.000000.4.ANR;2005-01;2005-01-01;2005-01-31;1,6;2025-09-18T10:12:00+00:00;ICP;France, Taux d'inflation;Taux d'inflation, France;M;FR;N;0;4;ANR;PCCH;1;0;A;SPB.T1101;P1M;4D0;F;A
ICP.M.FR.N.000000.4.ANR;2004-12;2004-12-01;2004-12-31;2,2;2025-09-18T10:12:00+00:00;ICP;France, Taux d'inflation;Taux d'inflation, France;M;FR;N;0;4;ANR;PCCH;1;0;A;SPB.T1101;P1M;4D0;F;A
ICP.M.FR.N.000000.4.ANR;2004-11;2004-11-01;2004-11-30;2,2;2025-09-18T10:12:00+00:00;ICP;France, Taux d'inflation;Taux d'inflation, France;M;FR;N;0;4;ANR;PCCH;1;0;A;SPB.T1101;P1M;4D0;F;A
ICP.M.FR.N.000000.4.ANR;2004-10;2004-10-01;2004-10-31;2,3;2025-09-18T10:12:00+00:00;ICP;France, Taux d'inflation;Taux d'inflation, France;M;FR;N;0;4;ANR;PCCH;1;0;A;SPB.T1101;P1M;4D0;F;A
ICP.M.FR.N.000000.4.ANR;2004-09;2004-09-01;2004-09-30;2,2;2025-09-18T10:12:00+00:00;ICP;France, Taux d'inflation;Taux d'inflation, France;M;FR;N;0;4;ANR;PCCH;1;0;A;SPB.T1101;P1M;4D0;F;A
ICP.M.FR.N.000000.4.ANR;2004-08;2004-08-01;2004-08-31;2,6;2025-09-18T10:12:00+00:00;ICP;France, Taux d'inflation;Taux d'inflation, France;M;FR;N;0;4;ANR;PCCH;1;0;A;SPB.T1101;P1M;4D0;F;A
ICP.M.FR.N.000000.4.ANR;2004-07;2004-07-01;2004-07-31;2,6;2025-09-18T10:12:00+00:00;ICP;France, Taux d'inflation;Taux d'inflation, France;M;FR;N;0;4;ANR;PCCH;1;0;A;SPB.T1101;P1M;4D0;F;A
ICP.M.FR.N.000000.4.ANR;2004-06;2004-06-01;2004-06-30;2,7;2025-09-18T10:12:00+00:00;ICP;France, Taux d'inflation;Taux d'inflation, France;M;FR;N;0;4;ANR;PCCH;1;0;A;SPB.T1101;P1M;4D0;F;A
ICP.M.FR.N.000000.4.ANR;2004-05;2004-05-01;2004-05-31;2,8;2025-09-18T10:12:00+00:00;ICP;France, Taux d'inflation;Taux d'inflation, France;M;FR;N;0;4;ANR;PCCH;1;0;A;SPB.T1101;P1M;4D0;F;A
ICP.M.FR.N.000000.4.ANR;2004-04;2004-04-01;2004-04-30;2,4;2025-09-18T10:12:00+00:00;ICP;France, Taux d'inflation;Taux d'inflation, France;M;FR;N;0;4;ANR;PCCH;1;0;A;SPB.T1101;P1M;4D0;F;A
ICP.M.FR.N.000000.4.ANR;2004-03;2004-03-01;2004-03-31;1,9;2025-09-18T10:12:00+00:00;ICP;France, Taux d'inflation;Taux d'inflation, France;M;FR;N;0;4;ANR;PCCH;1;0;A;SPB.T1101;P1M;4D0;F;A
ICP.M.FR.N.000000.4.ANR;2004-02;2004-02-01;2004-02-29;1,9;2025-09-18T10:12:00+00:00;ICP;France, Taux d'inflation;Taux d'inflation, France;M;FR;N;0;4;ANR;PCCH;1;0;A;SPB.T1101;P1M;4D0;F;A
ICP.M.FR.N.000000.4.ANR;2004-01;2004-01-01;2004-01-31;2,2;2025-09-18T10:12:00+00:00;ICP;France, Taux d'inflation;Taux d'inflation, France;M;FR;N;0;4;ANR;PCCH;1;0;A;SPB.T1101;P1M;4D0;F;A
ICP.M.FR.N.000000.4.ANR;2003-12;2003-12-01;2003-12-31;2,4;2025-09-18T10:12:00+00:00;ICP;France, Taux d'inflation;Taux d'inflation, France;M;FR;N;0;4;ANR;PCCH;1;0;A;SPB.T1101;P1M;4D0;F;A
ICP.M.FR.N.000000.4.ANR;2003-11;2003-11-01;2003-11-30;2,5;2025-09-18T10:12:00+00:00;ICP;France, Taux d'inflation;Taux d'inflation, France;M;FR;N;0;4;ANR;PCCH;1;0;A;SPB.T1101;P1M;4D0;F;A
ICP.M.FR.N.000000.4.ANR;2003-10;2003-10-01;2003-10-31;2,3;2025-09-18T10:12:00+00:00;ICP;France, Taux d'inflation;Taux d'inflation, France;M;FR;N;0;4;ANR;PCCH;1;0;A;SPB.T1101;P1M;4D0;F;A
ICP.M.FR.N.000000.4.ANR;2003-09;2003-09-01;2003-09-30;2,2;2025-09-18T10:12:00+00:00;ICP;France, Taux d'inflation;Taux d'inflation, France;M;FR;N;0;4;ANR;PCCH;1;0;A;SPB.T1101;P1M;4D0;F;A
ICP.M.FR.N.000000.4.ANR;2003-08;2003-08-01;2003-08-31;2,0;2025-09-18T10:12:00+00:00;ICP;France, Taux d'inflation;Taux d'inflation, France;M;FR;N;0;4;ANR;PCCH;1;0;A;SPB.T1101;P1M;4D0;F;A
ICP.M.FR.N.000000.4.ANR;2003-07;2003-07-01;2003-07-31;2,0;2025-09-18T10:12:00+00:00;ICP;France, Taux d'inflation;Taux d'inflation, France;M;FR;N;0;4;ANR;PCCH;1;0;A;SPB.T1101;P1M;4D0;F;A
ICP.M.FR.N.000000.4.ANR;2003-06;2003-06-01;2003-06-30;2,0;2025-09-18T10:12:00+00:00;ICP;France, Taux d'inflation;Taux d'inflation, France;M;FR;N;0;4;ANR;PCCH;1;0;A;SPB.T1101;P1M;4D0;F;A
ICP.M.FR.N.000000.4.ANR;2003-05;2003-05-01;2003-05-31;1,8;2025-09-18T10:12:00+00:00;ICP;France, Taux d'inflation;Taux d'inflation, France;M;FR;N;0;4;ANR;PCCH;1;0;A;SPB.T1101;P1M;4D0;F;A
ICP.M.FR.N.000000.4.ANR;2003-04;2003-04-01;2003-04-30;2,0;2025-09-18T10:12:00+00:00;ICP;France, Taux d'inflation;Taux d'inflation, France;M;FR;N;0;4;ANR;PCCH;1;0;A;SPB.T1101;P1M;4D0;F;A
ICP.M.FR.N.000000.4.ANR;2003-03;2003-03-01;2003-03-31;2,5;2025-09-18T10:12:00+00:00;ICP;France, Taux d'inflation;Taux d'inflation, France;M;FR;N;0;4;ANR;PCCH;1;0;A;SPB.T1101;P1M;4D0;F;A
ICP.M.FR.N.000000.4.ANR;2003-02;2003-02-01;2003-02-28;2,6;2025-09-18T10:12:00+00:00;ICP;France, Taux d'inflation;Taux d'inflation, France;M;FR;N;0;4;ANR;PCCH;1;0;A;SPB.T1101;P1M;4D0;F;A
ICP.M.FR.N.000000.4.ANR;2003-01;2003-01-01;2003-01-31;1,9;2025-09-18T10:12:00+00:00;ICP;France, Taux d'inflation;Taux d'inflation, France;M;FR;N;0;4;ANR;PCCH;1;0;A;SPB.T1101;P1M;4D0;F;A
ICP.M.FR.N.000000.4.ANR;2002-12;2002-12-01;2002-12-31;2,2;2025-09-18T10:12:00+00:00;ICP;France, Taux d'inflation;Taux d'inflation, France;M;FR;N;0;4;ANR;PCCH;1;0;A;SPB.T1101;P1M;4D0;F;A
ICP.M.FR.N.000000.4.ANR;2002-11;2002-11-01;2002-11-30;2,1;2025-09-18T10:12:00+00:00;ICP;France, Taux d'inflation;Taux d'inflation, France;M;FR;N;0;4;ANR;PCCH;1;0;A;SPB.T1101;P1M;4D0;F;A
ICP.M.FR.N.000000.4.ANR;2002-10;2002-10-01;2002-10-31;1,9;2025-09-18T10:12:00+00:00;ICP;France, Taux d'inflation;Taux d'inflation, France;M;FR;N;0;4;ANR;PCCH;1;0;A;SPB.T1101;P1M;4D0;F;A
ICP.M.FR.N.000000.4.ANR;2002-09;2002-09-01;2002-09-30;1,8;2025-09-18T10:12:00+00:00;ICP;France, Taux d'inflation;Taux d'inflation, France;M;FR;N;0;4;ANR;PCCH;1;0;A;SPB.T1101;P1M;4D0;F;A
ICP.M.FR.N.000000.4.ANR;2002-08;2002-08-01;2002-08-31;1,8;2025-09-18T10:12:00+00:00;ICP;France, Taux d'inflation;Taux d'inflation, France;M;FR;N;0;4;ANR;PCCH;1;0;A;SPB.T1101;P1M;4D0;F;A
ICP.M.FR.N.000000.4.ANR;2002-07;2002-07-01;2002-07-31;1,6;2025-09-18T10:12:00+00:00;ICP;France, Taux d'inflation;Taux d'inflation, France;M;FR;N;0;4;ANR;PCCH;1;0;A;SPB.T1101;P1M;4D0;F;A
ICP.M.FR.N.000000.4.ANR;2002-06;2002-06-01;2002-06-30;1,4;2025-09-18T10:12:00+00:00;ICP;France, Taux d'inflation;Taux d'inflation, France;M;FR;N;0;4;ANR;PCCH;1;0;A;SPB.T1101;P1M;4D0;F;A
ICP.M.FR.N.000000.4.ANR;2002-05;2002-05-01;2002-05-31;1,6;2025-09-18T10:12:00+00:00;ICP;France, Taux d'inflation;Taux d'inflation, France;M;FR;N;0;4;ANR;PCCH;1;0;A;SPB.T1101;P1M;4D0;F;A
ICP.M.FR.N.000000.4.ANR;2002-04;2002-04-01;2002-04-30;2,1;2025-09-18T10:12:00+00:00;ICP;France, Taux d'inflation;Taux d'inflation, France;M;FR;N;0;4;ANR;PCCH;1;0;A;SPB.T1101;P1M;4D0;F;A
ICP.M.FR.N.000000.4.ANR;2002-03;2002-03-01;2002-03-31;2,2;2025-09-18T10:12:00+00:00;ICP;France, Taux d'inflation;Taux d'inflation, France;M;FR;N;0;4;ANR;PCCH;1;0;A;SPB.T1101;P1M;4D0;F;A
ICP.M.FR.N.000000.4.ANR;2002-02;2002-02-01;2002-02-28;2,2;2025-09-18T10:12:00+00:00;ICP;France, Taux d'inflation;Taux d'inflation, France;M;FR;N;0;4;ANR;PCCH;1;0;A;SPB.T1101;P1M;4D0;F;A
ICP.M.FR.N.000000.4.ANR;2002-01;2002-01-01;2002-01-31;2,4;2025-09-18T10:12:00+00:00;ICP;France, Taux d'inflation;Taux d'inflation, France;M;FR;N;0;4;ANR;PCCH;1;0;A;SPB.T1101;P1M;4D0;F;A
ICP.M.FR.N.000000.4.ANR;2001-12;2001-12-01;2001-12-31;1,5;2025-09-18T10:12:00+00:00;ICP;France, Taux d'inflation;Taux d'inflation, France;M;FR;N;0;4;ANR;PCCH;1;0;A;SPB.T1101;P1M;4D0;F;A
ICP.M.FR.N.000000.4.ANR;2001-11;2001-11-01;2001-11-30;1,3;2025-09-18T10:12:00+00:00;ICP;France, Taux d'inflation;Taux d'inflation, France;M;FR;N;0;4;ANR;PCCH;1;0;A;SPB.T1101;P1M;4D0;F;A
ICP.M.FR.N.000000.4.ANR;2001-10;2001-10-01;2001-10-31;1,8;2025-09-18T10:12:00+00:00;ICP;France, Taux d'inflation;Taux d'inflation, France;M;FR;N;0;4;ANR;PCCH;1;0;A;SPB.T1101;P1M;4D0;F;A
ICP.M.FR.N.000000.4.ANR;2001-09;2001-09-01;2001-09-30;1,6;2025-09-18T10:12:00+00:00;ICP;France, Taux d'inflation;Taux d'inflation, France;M;FR;N;0;4;ANR;PCCH;1;0;A;SPB.T1101;P1M;4D0;F;A
ICP.M.FR.N.000000.4.ANR;2001-08;2001-08-01;2001-08-31;2,0;2025-09-18T10:12:00+00:00;ICP;France, Taux d'inflation;Taux d'inflation, France;M;FR;N;0;4;ANR;PCCH;1;0;A;SPB.T1101;P1M;4D0;F;A
ICP.M.FR.N.000000.4.ANR;2001-07;2001-07-01;2001-07-31;2,2;2025-09-18T10:12:00+00:00;ICP;France, Taux d'inflation;Taux d'inflation, France;M;FR;N;0;4;ANR;PCCH;1;0;A;SPB.T1101;P1M;4D0;F;A
ICP.M.FR.N.000000.4.ANR;2001-06;2001-06-01;2001-06-30;2,2;2025-09-18T10:12:00+00:00;ICP;France, Taux d'inflation;Taux d'inflation, France;M;FR;N;0;4;ANR;PCCH;1;0;A;SPB.T1101;P1M;4D0;F;A
ICP.M.FR.N.000000.4.ANR;2001-05;2001-05-01;2001-05-31;2,4;2025-09-18T10:12:00+00:00;ICP;France, Taux d'inflation;Taux d'inflation, France;M;FR;N;0;4;ANR;PCCH;1;0;A;SPB.T1101;P1M;4D0;F;A
ICP.M.FR.N.000000.4.ANR;2001-04;2001-04-01;2001-04-30;2,0;2025-09-18T10:12:00+00:00;ICP;France, Taux d'inflation;Taux d'inflation, France;M;FR;N;0;4;ANR;PCCH;1;0;A;SPB.T1101;P1M;4D0;F;A
ICP.M.FR.N.000000.4.ANR;2001-03;2001-03-01;2001-03-31;1,5;2025-09-18T10:12:00+00:00;ICP;France, Taux d'inflation;Taux d'inflation, France;M;FR;N;0;4;ANR;PCCH;1;0;A;SPB.T1101;P1M;4D0;F;A
ICP.M.FR.N.000000.4.ANR;2001-02;2001-02-01;2001-02-28;1,5;2025-09-18T10:12:00+00:00;ICP;France, Taux d'inflation;Taux d'inflation, France;M;FR;N;0;4;ANR;PCCH;1;0;A;SPB.T1101;P1M;4D0;F;A
ICP.M.FR.N.000000.4.ANR;2001-01;2001-01-01;2001-01-31;1,3;2025-09-18T10:12:00+00:00;ICP;France, Taux d'inflation;Taux d'inflation, France;M;FR;N;0;4;ANR;PCCH;1;0;A;SPB.T1101;P1M;4D0;F;A
ICP.M.FR.N.000000.4.ANR;2000-12;2000-12-01;2000-12-31;1,8;2025-09-18T10:12:00+00:00;ICP;France, Taux d'inflation;Taux d'inflation, France;M;FR;N;0;4;ANR;PCCH;1;0;A;SPB.T1101;P1M;4D0;F;A
ICP.M.FR.N.000000.4.ANR;2000-11;2000-11-01;2000-11-30;2,3;2025-09-18T10:12:00+00:00;ICP;France, Taux d'inflation;Taux d'inflation, France;M;FR;N;0;4;ANR;PCCH;1;0;A;SPB.T1101;P1M;4D0;F;A
ICP.M.FR.N.000000.4.ANR;2000-10;2000-10-01;2000-10-31;2,1;2025-09-18T10:12:00+00:00;ICP;France, Taux d'inflation;Taux d'inflation, France;M;FR;N;0;4;ANR;PCCH;1;0;A;SPB.T1101;P1M;4D0;F;A
ICP.M.FR.N.000000.4.ANR;2000-09;2000-09-01;2000-09-30;2,3;2025-09-18T10:12:00+00:00;ICP;France, Taux d'inflation;Taux d'inflation, France;M;FR;N;0;4;ANR;PCCH;1;0;A;SPB.T1101;P1M;4D0;F;A
ICP.M.FR.N.000000.4.ANR;2000-08;2000-08-01;2000-08-31;2,0;2025-09-18T10:12:00+00:00;ICP;France, Taux d'inflation;Taux d'inflation, France;M;FR;N;0;4;ANR;PCCH;1;0;A;SPB.T1101;P1M;4D0;F;A
ICP.M.FR.N.000000.4.ANR;2000-07;2000-07-01;2000-07-31;1,9;2025-09-18T10:12:00+00:00;ICP;France, Taux d'inflation;Taux d'inflation, France;M;FR;N;0;4;ANR;PCCH;1;0;A;SPB.T1101;P1M;4D0;F;A
ICP.M.FR.N.000000.4.ANR;2000-06;2000-06-01;2000-06-30;1,8;2025-09-18T10:12:00+00:00;ICP;France, Taux d'inflation;Taux d'inflation, France;M;FR;N;0;4;ANR;PCCH;1;0;A;SPB.T1101;P1M;4D0;F;A
ICP.M.FR.N.000000.4.ANR;2000-05;2000-05-01;2000-05-31;1,5;2025-09-18T10:12:00+00:00;ICP;France, Taux d'inflation;Taux d'inflation, France;M;FR;N;0;4;ANR;PCCH;1;0;A;SPB.T1101;P1M;4D0;F;A
ICP.M.FR.N.000000.4.ANR;2000-04;2000-04-01;2000-04-30;1,3;2025-09-18T10:12:00+00:00;ICP;France, Taux d'inflation;Taux d'inflation, France;M;FR;N;0;4;ANR;PCCH;1;0;A;SPB.T1101;P1M;4D0;F;A
ICP.M.FR.N.000000.4.ANR;2000-03;2000-03-01;2000-03-31;1,6;2025-09-18T10:12:00+00:00;ICP;France, Taux d'inflation;Taux d'inflation, France;M;FR;N;0;4;ANR;PCCH;1;0;A;SPB.T1101;P1M;4D0;F;A
ICP.M.FR.N.000000.4.ANR;2000-02;2000-02-01;2000-02-29;1,4;2025-09-18T10:12:00+00:00;ICP;France, Taux d'inflation;Taux d'inflation, France;M;FR;N;0;4;ANR;PCCH;1;0;A;SPB.T1101;P1M;4D0;F;A
ICP.M.FR.N.000000.4.ANR;2000-01;2000-01-01;2000-01-31;1,7;2025-09-18T10:12:00+00:00;ICP;France, Taux d'inflation;Taux d'inflation, France;M;FR;N;0;4;ANR;PCCH;1;0;A;SPB.T1101;P1M;4D0;F;A
ICP.M.FR.N.000000.4.ANR;1999-12;1999-12-01;1999-12-31;1,3;2025-09-18T10:12:00+00:00;ICP;France, Taux d'inflation;Taux d'inflation, France;M;FR;N;0;4;ANR;PCCH;1;0;A;SPB.T1101;P1M;4D0;F;A
ICP.M.FR.N.000000.4.ANR;1999-11;1999-11-01;1999-11-30;0,9;2025-09-18T10:12:00+00:00;ICP;France, Taux d'inflation;Taux d'inflation, France;M;FR;N;0;4;ANR;PCCH;1;0;A;SPB.T1101;P1M;4D0;F;A
ICP.M.FR.N.000000.4.ANR;1999-10;1999-10-01;1999-10-31;0,8;2025-09-18T10:12:00+00:00;ICP;France, Taux d'inflation;Taux d'inflation, France;M;FR;N;0;4;ANR;PCCH;1;0;A;SPB.T1101;P1M;4D0;F;A
ICP.M.FR.N.000000.4.ANR;1999-09;1999-09-01;1999-09-30;0,6;2025-09-18T10:12:00+00:00;ICP;France, Taux d'inflation;Taux d'inflation, France;M;FR;N;0;4;ANR;PCCH;1;0;A;SPB.T1101;P1M;4D0;F;A
ICP.M.FR.N.000000.4.ANR;1999-08;1999-08-01;1999-08-31;0,5;2025-09-18T10:12:00+00:00;ICP;France, Taux d'inflation;Taux d'inflation, France;M;FR;N;0;4;ANR;PCCH;1;0;A;SPB.T1101;P1M;4D0;F;A
ICP.M.FR.N.000000.4.ANR;1999-07;1999-07-01;1999-07-31;0,4;2025-09-18T10:12:00+00:00;ICP;France, Taux d'inflation;Taux d'inflation, France;M;FR;N;0;4;ANR;PCCH;1;0;A;SPB.T1101;P1M;4D0;F;A
ICP.M.FR.N.000000.4.ANR;1999-06;1999-06-01;1999-06-30;0,3;2025-09-18T10:12:00+00:00;ICP;France, Taux d'inflation;Taux d'inflation, France;M;FR;N;0;4;ANR;PCCH;1;0;A;SPB.T1101;P1M;4D0;F;A
ICP.M.FR.N.000000.4.ANR;1999-05;1999-05-01;1999-05-31;0,4;2025-09-18T10:12:00+00:00;ICP;France, Taux d'inflation;Taux d'inflation, France;M;FR;N;0;4;ANR;PCCH;1;0;A;SPB.T1101;P1M;4D0;F;A
ICP.M.FR.N.000000.4.ANR;1999-04;1999-04-01;1999-04-30;0,5;2025-09-18T10:12:00+00:00;ICP;France, Taux d'inflation;Taux d'inflation, France;M;FR;N;0;4;ANR;PCCH;1;0;A;SPB.T1101;P1M;4D0;F;A
ICP.M.FR.N.000000.4.ANR;1999-03;1999-03-01;1999-03-31;0,4;2025-09-18T10:12:00+00:00;ICP;France, Taux d'inflation;Taux d'inflation, France;M;FR;N;0;4;ANR;PCCH;1;0;A;SPB.T1101;P1M;4D0;F;A
ICP.M.FR.N.000000.4.ANR;1999-02;1999-02-01;1999-02-28;0,3;2025-09-18T10:12:00+00:00;ICP;France, Taux d'inflation;Taux d'inflation, France;M;FR;N;0;4;ANR;PCCH;1;0;A;SPB.T1101;P1M;4D0;F;A
ICP.M.FR.N.000000.4.ANR;1999-01;1999-01-01;1999-01-31;0,3;2025-09-18T10:12:00+00:00;ICP;France, Taux d'inflation;Taux d'inflation, France;M;FR;N;0;4;ANR;PCCH;1;0;A;SPB.T1101;P1M;4D0;F;A
ICP.M.FR.N.000000.4.ANR;1998-12;1998-12-01;1998-12-31;0,3;2025-09-18T10:12:00+00:00;ICP;France, Taux d'inflation;Taux d'inflation, France;M;FR;N;0;4;ANR;PCCH;1;0;A;SPB.T1101;P1M;4D0;F;A
ICP.M.FR.N.000000.4.ANR;1998-11;1998-11-01;1998-11-30;0,2;2025-09-18T10:12:00+00:00;ICP;France, Taux d'inflation;Taux d'inflation, France;M;FR;N;0;4;ANR;PCCH;1;0;A;SPB.T1101;P1M;4D0;F;A
ICP.M.FR.N.000000.4.ANR;1998-10;1998-10-01;1998-10-31;0,5;2025-09-18T10:12:00+00:00;ICP;France, Taux d'inflation;Taux d'inflation, France;M;FR;N;0;4;ANR;PCCH;1;0;A;SPB.T1101;P1M;4D0;F;A
ICP.M.FR.N.000000.4.ANR;1998-09;1998-09-01;1998-09-30;0,5;2025-09-18T10:12:00+00:00;ICP;France, Taux d'inflation;Taux d'inflation, France;M;FR;N;0;4;ANR;PCCH;1;0;A;SPB.T1101;P1M;4D0;F;A
ICP.M.FR.N.000000.4.ANR;1998-08;1998-08-01;1998-08-31;0,7;2025-09-18T10:12:00+00:00;ICP;France, Taux d'inflation;Taux d'inflation, France;M;FR;N;0;4;ANR;PCCH;1;0;A;SPB.T1101;P1M;4D0;F;A
ICP.M.FR.N.000000.4.ANR;1998-07;1998-07-01;1998-07-31;0,8;2025-09-18T10:12:00+00:00;ICP;France, Taux d'inflation;Taux d'inflation, France;M;FR;N;0;4;ANR;PCCH;1;0;A;SPB.T1101;P1M;4D0;F;A
ICP.M.FR.N.000000.4.ANR;1998-06;1998-06-01;1998-06-30;1,1;2025-09-18T10:12:00+00:00;ICP;France, Taux d'inflation;Taux d'inflation, France;M;FR;N;0;4;ANR;PCCH;1;0;A;SPB.T1101;P1M;4D0;F;A
ICP.M.FR.N.000000.4.ANR;1998-05;1998-05-01;1998-05-31;0,9;2025-09-18T10:12:00+00:00;ICP;France, Taux d'inflation;Taux d'inflation, France;M;FR;N;0;4;ANR;PCCH;1;0;A;SPB.T1101;P1M;4D0;F;A
ICP.M.FR.N.000000.4.ANR;1998-04;1998-04-01;1998-04-30;1,0;2025-09-18T10:12:00+00:00;ICP;France, Taux d'inflation;Taux d'inflation, France;M;FR;N;0;4;ANR;PCCH;1;0;A;SPB.T1101;P1M;4D0;F;A
ICP.M.FR.N.000000.4.ANR;1998-03;1998-03-01;1998-03-31;0,8;2025-09-18T10:12:00+00:00;ICP;France, Taux d'inflation;Taux d'inflation, France;M;FR;N;0;4;ANR;PCCH;1;0;A;SPB.T1101;P1M;4D0;F;A
ICP.M.FR.N.000000.4.ANR;1998-02;1998-02-01;1998-02-28;0,7;2025-09-18T10:12:00+00:00;ICP;France, Taux d'inflation;Taux d'inflation, France;M;FR;N;0;4;ANR;PCCH;1;0;A;SPB.T1101;P1M;4D0;F;A
ICP.M.FR.N.000000.4.ANR;1998-01;1998-01-01;1998-01-31;0,6;2025-09-18T10:12:00+00:00;ICP;France, Taux d'inflation;Taux d'inflation, France;M;FR;N;0;4;ANR;PCCH;1;0;A;SPB.T1101;P1M;4D0;F;A
ICP.M.FR.N.000000.4.ANR;1997-12;1997-12-01;1997-12-31;1,2;2025-09-18T10:12:00+00:00;ICP;France, Taux d'inflation;Taux d'inflation, France;M;FR;N;0;4;ANR;PCCH;1;0;A;SPB.T1101;P1M;4D0;F;A
ICP.M.FR.N.000000.4.ANR;1997-11;1997-11-01;1997-11-30;1,4;2025-09-18T10:12:00+00:00;ICP;France, Taux d'inflation;Taux d'inflation, France;M;FR;N;0;4;ANR;PCCH;1;0;A;SPB.T1101;P1M;4D0;F;A
ICP.M.FR.N.000000.4.ANR;1997-10;1997-10-01;1997-10-31;1,1;2025-09-18T10:12:00+00:00;ICP;France, Taux d'inflation;Taux d'inflation, France;M;FR;N;0;4;ANR;PCCH;1;0;A;SPB.T1101;P1M;4D0;F;A
ICP.M.FR.N.000000.4.ANR;1997-09;1997-09-01;1997-09-30;1,4;2025-09-18T10:12:00+00:00;ICP;France, Taux d'inflation;Taux d'inflation, France;M;FR;N;0;4;ANR;PCCH;1;0;A;SPB.T1101;P1M;4D0;F;A
ICP.M.FR.N.000000.4.ANR;1997-08;1997-08-01;1997-08-31;1,6;2025-09-18T10:12:00+00:00;ICP;France, Taux d'inflation;Taux d'inflation, France;M;FR;N;0;4;ANR;PCCH;1;0;A;SPB.T1101;P1M;4D0;F;A
ICP.M.FR.N.000000.4.ANR;1997-07;1997-07-01;1997-07-31;1,1;2025-09-18T10:12:00+00:00;ICP;France, Taux d'inflation;Taux d'inflation, France;M;FR;N;0;4;ANR;PCCH;1;0;A;SPB.T1101;P1M;4D0;F;A
ICP.M.FR.N.000000.4.ANR;1997-06;1997-06-01;1997-06-30;1,0;2025-09-18T10:12:00+00:00;ICP;France, Taux d'inflation;Taux d'inflation, France;M;FR;N;0;4;ANR;PCCH;1;0;A;SPB.T1101;P1M;4D0;F;A
ICP.M.FR.N.000000.4.ANR;1997-05;1997-05-01;1997-05-31;0,9;2025-09-18T10:12:00+00:00;ICP;France, Taux d'inflation;Taux d'inflation, France;M;FR;N;0;4;ANR;PCCH;1;0;A;SPB.T1101;P1M;4D0;F;A
ICP.M.FR.N.000000.4.ANR;1997-04;1997-04-01;1997-04-30;1,0;2025-09-18T10:12:00+00:00;ICP;France, Taux d'inflation;Taux d'inflation, France;M;FR;N;0;4;ANR;PCCH;1;0;A;SPB.T1101;P1M;4D0;F;A
ICP.M.FR.N.000000.4.ANR;1997-03;1997-03-01;1997-03-31;1,1;2025-09-18T10:12:00+00:00;ICP;France, Taux d'inflation;Taux d'inflation, France;M;FR;N;0;4;ANR;PCCH;1;0;A;SPB.T1101;P1M;4D0;F;A
ICP.M.FR.N.000000.4.ANR;1997-02;1997-02-01;1997-02-28;1,7;2025-09-18T10:12:00+00:00;ICP;France, Taux d'inflation;Taux d'inflation, France;M;FR;N;0;4;ANR;PCCH;1;0;A;SPB.T1101;P1M;4D0;F;A
ICP.M.FR.N.000000.4.ANR;1997-01;1997-01-01;1997-01-31;1,8;2025-09-18T10:12:00+00:00;ICP;France, Taux d'inflation;Taux d'inflation, France;M;FR;N;0;4;ANR;PCCH;1;0;A;SPB.T1101;P1M;4D0;F;A
ICP.M.FR.N.000000.4.ANR;1996-12;1996-12-01;1996-12-31;1,7;2025-09-18T10:12:00+00:00;ICP;France, Taux d'inflation;Taux d'inflation, France;M;FR;N;0;4;ANR;PCCH;1;0;A;SPB.T1101;P1M;4D0;F;A
ICP.M.FR.N.000000.4.ANR;1996-11;1996-11-01;1996-11-30;1,6;2025-09-18T10:12:00+00:00;ICP;France, Taux d'inflation;Taux d'inflation, France;M;FR;N;0;4;ANR;PCCH;1;0;A;SPB.T1101;P1M;4D0;F;A
ICP.M.FR.N.000000.4.ANR;1996-10;1996-10-01;1996-10-31;1,8;2025-09-18T10:12:00+00:00;ICP;France, Taux d'inflation;Taux d'inflation, France;M;FR;N;0;4;ANR;PCCH;1;0;A;SPB.T1101;P1M;4D0;F;A
ICP.M.FR.N.000000.4.ANR;1996-09;1996-09-01;1996-09-30;1,7;2025-09-18T10:12:00+00:00;ICP;France, Taux d'inflation;Taux d'inflation, France;M;FR;N;0;4;ANR;PCCH;1;0;A;SPB.T1101;P1M;4D0;F;A
ICP.M.FR.N.000000.4.ANR;1996-08;1996-08-01;1996-08-31;1,8;2025-09-18T10:12:00+00:00;ICP;France, Taux d'inflation;Taux d'inflation, France;M;FR;N;0;4;ANR;PCCH;1;0;A;SPB.T1101;P1M;4D0;F;A
ICP.M.FR.N.000000.4.ANR;1996-07;1996-07-01;1996-07-31;2,5;2025-09-18T10:12:00+00:00;ICP;France, Taux d'inflation;Taux d'inflation, France;M;FR;N;0;4;ANR;PCCH;1;0;A;SPB.T1101;P1M;4D0;F;A
ICP.M.FR.N.000000.4.ANR;1996-06;1996-06-01;1996-06-30;2,5;2025-09-18T10:12:00+00:00;ICP;France, Taux d'inflation;Taux d'inflation, France;M;FR;N;0;4;ANR;PCCH;1;0;A;SPB.T1101;P1M;4D0;F;A
ICP.M.FR.N.000000.4.ANR;1996-05;1996-05-01;1996-05-31;2,6;2025-09-18T10:12:00+00:00;ICP;France, Taux d'inflation;Taux d'inflation, France;M;FR;N;0;4;ANR;PCCH;1;0;A;SPB.T1101;P1M;4D0;F;A
ICP.M.FR.N.000000.4.ANR;1996-04;1996-04-01;1996-04-30;2,5;2025-09-18T10:12:00+00:00;ICP;France, Taux d'inflation;Taux d'inflation, France;M;FR;N;0;4;ANR;PCCH;1;0;A;SPB.T1101;P1M;4D0;F;A
ICP.M.FR.N.000000.4.ANR;1996-03;1996-03-01;1996-03-31;2,5;2025-09-18T10:12:00+00:00;ICP;France, Taux d'inflation;Taux d'inflation, France;M;FR;N;0;4;ANR;PCCH;1;0;A;SPB.T1101;P1M;4D0;F;A
ICP.M.FR.N.000000.4.ANR;1996-02;1996-02-01;1996-02-29;2,1;2025-09-18T10:12:00+00:00;ICP;France, Taux d'inflation;Taux d'inflation, France;M;FR;N;0;4;ANR;PCCH;1;0;A;SPB.T1101;P1M;4D0;F;A
ICP.M.FR.N.000000.4.ANR;1996-01;1996-01-01;1996-01-31;2,0;2025-09-18T10:12:00+00:00;ICP;France, Taux d'inflation;Taux d'inflation, France;M;FR;N;0;4;ANR;PCCH;1;0;A;SPB.T1101;P1M;4D0;F;A
ICP.M.FR.N.000000.4.ANR;1995-12;1995-12-01;1995-12-31;;2025-09-18T10:12:00+00:00;ICP;France, Taux d'inflation;Taux d'inflation, France;M;FR;N;0;4;ANR;PCCH;1;0;A;SPB.T1101;P1M;4D0;N;Q
ICP.M.FR.N.000000.4.ANR;1995-11;1995-11-01;1995-11-30;;2025-09-18T10:12:00+00:00;ICP;France, Taux d'inflation;Taux d'inflation, France;M;FR;N;0;4;ANR;PCCH;1;0;A;SPB.T1101;P1M;4D0;N;Q
ICP.M.FR.N.000000.4.ANR;1995-10;1995-10-01;1995-10-31;;2025-09-18T10:12:00+00:00;ICP;France, Taux d'inflation;Taux d'inflation, France;M;FR;N;0;4;ANR;PCCH;1;0;A;SPB.T1101;P1M;4D0;N;Q
ICP.M.FR.N.000000.4.ANR;1995-09;1995-09-01;1995-09-30;;2025-09-18T10:12:00+00:00;ICP;France, Taux d'inflation;Taux d'inflation, France;M;FR;N;0;4;ANR;PCCH;1;0;A;SPB.T1101;P1M;4D0;N;Q
ICP.M.FR.N.000000.4.ANR;1995-08;1995-08-01;1995-08-31;;2025-09-18T10:12:00+00:00;ICP;France, Taux d'inflation;Taux d'inflation, France;M;FR;N;0;4;ANR;PCCH;1;0;A;SPB.T1101;P1M;4D0;N;Q
ICP.M.FR.N.000000.4.ANR;1995-07;1995-07-01;1995-07-31;;2025-09-18T10:12:00+00:00;ICP;France, Taux d'inflation;Taux d'inflation, France;M;FR;N;0;4;ANR;PCCH;1;0;A;SPB.T1101;P1M;4D0;N;Q
ICP.M.FR.N.000000.4.ANR;1995-06;1995-06-01;1995-06-30;;2025-09-18T10:12:00+00:00;ICP;France, Taux d'inflation;Taux d'inflation, France;M;FR;N;0;4;ANR;PCCH;1;0;A;SPB.T1101;P1M;4D0;N;Q
ICP.M.FR.N.000000.4.ANR;1995-05;1995-05-01;1995-05-31;;2025-09-18T10:12:00+00:00;ICP;France, Taux d'inflation;Taux d'inflation, France;M;FR;N;0;4;ANR;PCCH;1;0;A;SPB.T1101;P1M;4D0;N;Q
ICP.M.FR.N.000000.4.ANR;1995-04;1995-04-01;1995-04-30;;2025-09-18T10:12:00+00:00;ICP;France, Taux d'inflation;Taux d'inflation, France;M;FR;N;0;4;ANR;PCCH;1;0;A;SPB.T1101;P1M;4D0;N;Q
ICP.M.FR.N.000000.4.ANR;1995-03;1995-03-01;1995-03-31;;2025-09-18T10:12:00+00:00;ICP;France, Taux d'inflation;Taux d'inflation, France;M;FR;N;0;4;ANR;PCCH;1;0;A;SPB.T1101;P1M;4D0;N;Q
ICP.M.FR.N.000000.4.ANR;1995-02;1995-02-01;1995-02-28;;2025-09-18T10:12:00+00:00;ICP;France, Taux d'inflation;Taux d'inflation, France;M;FR;N;0;4;ANR;PCCH;1;0;A;SPB.T1101;P1M;4D0;N;Q
ICP.M.FR.N.000000.4.ANR;1995-01;1995-01-01;1995-01-31;;2025-09-18T10:12:00+00:00;ICP;France, Taux d'inflation;Taux d'inflation, France;M;FR;N;0;4;ANR;PCCH;1;0;A;SPB.T1101;P1M;4D0;N;Q
ICP.M.FR.N.000000.4.ANR;1994-12;1994-12-01;1994-12-31;;2025-09-18T10:12:00+00:00;ICP;France, Taux d'inflation;Taux d'inflation, France;M;FR;N;0;4;ANR;PCCH;1;0;A;SPB.T1101;P1M;4D0;N;Q
ICP.M.FR.N.000000.4.ANR;1994-11;1994-11-01;1994-11-30;;2025-09-18T10:12:00+00:00;ICP;France, Taux d'inflation;Taux d'inflation, France;M;FR;N;0;4;ANR;PCCH;1;0;A;SPB.T1101;P1M;4D0;N;Q
ICP.M.FR.N.000000.4.ANR;1994-10;1994-10-01;1994-10-31;;2025-09-18T10:12:00+00:00;ICP;France, Taux d'inflation;Taux d'inflation, France;M;FR;N;0;4;ANR;PCCH;1;0;A;SPB.T1101;P1M;4D0;N;Q
ICP.M.FR.N.000000.4.ANR;1994-09;1994-09-01;1994-09-30;;2025-09-18T10:12:00+00:00;ICP;France, Taux d'inflation;Taux d'inflation, France;M;FR;N;0;4;ANR;PCCH;1;0;A;SPB.T1101;P1M;4D0;N;Q
ICP.M.FR.N.000000.4.ANR;1994-08;1994-08-01;1994-08-31;;2025-09-18T10:12:00+00:00;ICP;France, Taux d'inflation;Taux d'inflation, France;M;FR;N;0;4;ANR;PCCH;1;0;A;SPB.T1101;P1M;4D0;N;Q
ICP.M.FR.N.000000.4.ANR;1994-07;1994-07-01;1994-07-31;;2025-09-18T10:12:00+00:00;ICP;France, Taux d'inflation;Taux d'inflation, France;M;FR;N;0;4;ANR;PCCH;1;0;A;SPB.T1101;P1M;4D0;N;Q
ICP.M.FR.N.000000.4.ANR;1994-06;1994-06-01;1994-06-30;;2025-09-18T10:12:00+00:00;ICP;France, Taux d'inflation;Taux d'inflation, France;M;FR;N;0;4;ANR;PCCH;1;0;A;SPB.T1101;P1M;4D0;N;Q
ICP.M.FR.N.000000.4.ANR;1994-05;1994-05-01;1994-05-31;;2025-09-18T10:12:00+00:00;ICP;France, Taux d'inflation;Taux d'inflation, France;M;FR;N;0;4;ANR;PCCH;1;0;A;SPB.T1101;P1M;4D0;N;Q
ICP.M.FR.N.000000.4.ANR;1994-04;1994-04-01;1994-04-30;;2025-09-18T10:12:00+00:00;ICP;France, Taux d'inflation;Taux d'inflation, France;M;FR;N;0;4;ANR;PCCH;1;0;A;SPB.T1101;P1M;4D0;N;Q
ICP.M.FR.N.000000.4.ANR;1994-03;1994-03-01;1994-03-31;;2025-09-18T10:12:00+00:00;ICP;France, Taux d'inflation;Taux d'inflation, France;M;FR;N;0;4;ANR;PCCH;1;0;A;SPB.T1101;P1M;4D0;N;Q
ICP.M.FR.N.000000.4.ANR;1994-02;1994-02-01;1994-02-28;;2025-09-18T10:12:00+00:00;ICP;France, Taux d'inflation;Taux d'inflation, France;M;FR;N;0;4;ANR;PCCH;1;0;A;SPB.T1101;P1M;4D0;N;Q
ICP.M.FR.N.000000.4.ANR;1994-01;1994-01-01;1994-01-31;;2025-09-18T10:12:00+00:00;ICP;France, Taux d'inflation;Taux d'inflation, France;M;FR;N;0;4;ANR;PCCH;1;0;A;SPB.T1101;P1M;4D0;N;Q
ICP.M.FR.N.000000.4.ANR;1993-12;1993-12-01;1993-12-31;;2025-09-18T10:12:00+00:00;ICP;France, Taux d'inflation;Taux d'inflation, France;M;FR;N;0;4;ANR;PCCH;1;0;A;SPB.T1101;P1M;4D0;N;Q
ICP.M.FR.N.000000.4.ANR;1993-11;1993-11-01;1993-11-30;;2025-09-18T10:12:00+00:00;ICP;France, Taux d'inflation;Taux d'inflation, France;M;FR;N;0;4;ANR;PCCH;1;0;A;SPB.T1101;P1M;4D0;N;Q
ICP.M.FR.N.000000.4.ANR;1993-10;1993-10-01;1993-10-31;;2025-09-18T10:12:00+00:00;ICP;France, Taux d'inflation;Taux d'inflation, France;M;FR;N;0;4;ANR;PCCH;1;0;A;SPB.T1101;P1M;4D0;N;Q
ICP.M.FR.N.000000.4.ANR;1993-09;1993-09-01;1993-09-30;;2025-09-18T10:12:00+00:00;ICP;France, Taux d'inflation;Taux d'inflation, France;M;FR;N;0;4;ANR;PCCH;1;0;A;SPB.T1101;P1M;4D0;N;Q
ICP.M.FR.N.000000.4.ANR;1993-08;1993-08-01;1993-08-31;;2025-09-18T10:12:00+00:00;ICP;France, Taux d'inflation;Taux d'inflation, France;M;FR;N;0;4;ANR;PCCH;1;0;A;SPB.T1101;P1M;4D0;N;Q
ICP.M.FR.N.000000.4.ANR;1993-07;1993-07-01;1993-07-31;;2025-09-18T10:12:00+00:00;ICP;France, Taux d'inflation;Taux d'inflation, France;M;FR;N;0;4;ANR;PCCH;1;0;A;SPB.T1101;P1M;4D0;N;Q
ICP.M.FR.N.000000.4.ANR;1993-06;1993-06-01;1993-06-30;;2025-09-18T10:12:00+00:00;ICP;France, Taux d'inflation;Taux d'inflation, France;M;FR;N;0;4;ANR;PCCH;1;0;A;SPB.T1101;P1M;4D0;N;Q
ICP.M.FR.N.000000.4.ANR;1993-05;1993-05-01;1993-05-31;;2025-09-18T10:12:00+00:00;ICP;France, Taux d'inflation;Taux d'inflation, France;M;FR;N;0;4;ANR;PCCH;1;0;A;SPB.T1101;P1M;4D0;N;Q
ICP.M.FR.N.000000.4.ANR;1993-04;1993-04-01;1993-04-30;;2025-09-18T10:12:00+00:00;ICP;France, Taux d'inflation;Taux d'inflation, France;M;FR;N;0;4;ANR;PCCH;1;0;A;SPB.T1101;P1M;4D0;N;Q
ICP.M.FR.N.000000.4.ANR;1993-03;1993-03-01;1993-03-31;;2025-09-18T10:12:00+00:00;ICP;France, Taux d'inflation;Taux d'inflation, France;M;FR;N;0;4;ANR;PCCH;1;0;A;SPB.T1101;P1M;4D0;N;Q
ICP.M.FR.N.000000.4.ANR;1993-02;1993-02-01;1993-02-28;;2025-09-18T10:12:00+00:00;ICP;France, Taux d'inflation;Taux d'inflation, France;M;FR;N;0;4;ANR;PCCH;1;0;A;SPB.T1101;P1M;4D0;N;Q
ICP.M.FR.N.000000.4.ANR;1993-01;1993-01-01;1993-01-31;;2025-09-18T10:12:00+00:00;ICP;France, Taux d'inflation;Taux d'inflation, France;M;FR;N;0;4;ANR;PCCH;1;0;A;SPB.T1101;P1M;4D0;N;Q
ICP.M.FR.N.000000.4.ANR;1992-12;1992-12-01;1992-12-31;;2025-09-18T10:12:00+00:00;ICP;France, Taux d'inflation;Taux d'inflation, France;M;FR;N;0;4;ANR;PCCH;1;0;A;SPB.T1101;P1M;4D0;N;Q
ICP.M.FR.N.000000.4.ANR;1992-11;1992-11-01;1992-11-30;;2025-09-18T10:12:00+00:00;ICP;France, Taux d'inflation;Taux d'inflation, France;M;FR;N;0;4;ANR;PCCH;1;0;A;SPB.T1101;P1M;4D0;N;Q
ICP.M.FR.N.000000.4.ANR;1992-10;1992-10-01;1992-10-31;;2025-09-18T10:12:00+00:00;ICP;France, Taux d'inflation;Taux d'inflation, France;M;FR;N;0;4;ANR;PCCH;1;0;A;SPB.T1101;P1M;4D0;N;Q
ICP.M.FR.N.000000.4.ANR;1992-09;1992-09-01;1992-09-30;;2025-09-18T10:12:00+00:00;ICP;France, Taux d'inflation;Taux d'inflation, France;M;FR;N;0;4;ANR;PCCH;1;0;A;SPB.T1101;P1M;4D0;N;Q
ICP.M.FR.N.000000.4.ANR;1992-08;1992-08-01;1992-08-31;;2025-09-18T10:12:00+00:00;ICP;France, Taux d'inflation;Taux d'inflation, France;M;FR;N;0;4;ANR;PCCH;1;0;A;SPB.T1101;P1M;4D0;N;Q
ICP.M.FR.N.000000.4.ANR;1992-07;1992-07-01;1992-07-31;;2025-09-18T10:12:00+00:00;ICP;France, Taux d'inflation;Taux d'inflation, France;M;FR;N;0;4;ANR;PCCH;1;0;A;SPB.T1101;P1M;4D0;N;Q
ICP.M.FR.N.000000.4.ANR;1992-06;1992-06-01;1992-06-30;;2025-09-18T10:12:00+00:00;ICP;France, Taux d'inflation;Taux d'inflation, France;M;FR;N;0;4;ANR;PCCH;1;0;A;SPB.T1101;P1M;4D0;N;Q
ICP.M.FR.N.000000.4.ANR;1992-05;1992-05-01;1992-05-31;;2025-09-18T10:12:00+00:00;ICP;France, Taux d'inflation;Taux d'inflation, France;M;FR;N;0;4;ANR;PCCH;1;0;A;SPB.T1101;P1M;4D0;N;Q
ICP.M.FR.N.000000.4.ANR;1992-04;1992-04-01;1992-04-30;;2025-09-18T10:12:00+00:00;ICP;France, Taux d'inflation;Taux d'inflation, France;M;FR;N;0;4;ANR;PCCH;1;0;A;SPB.T1101;P1M;4D0;N;Q
ICP.M.FR.N.000000.4.ANR;1992-03;1992-03-01;1992-03-31;;2025-09-18T10:12:00+00:00;ICP;France, Taux d'inflation;Taux d'inflation, France;M;FR;N;0;4;ANR;PCCH;1;0;A;SPB.T1101;P1M;4D0;N;Q
ICP.M.FR.N.000000.4.ANR;1992-02;1992-02-01;1992-02-29;;2025-09-18T10:12:00+00:00;ICP;France, Taux d'inflation;Taux d'inflation, France;M;FR;N;0;4;ANR;PCCH;1;0;A;SPB.T1101;P1M;4D0;N;Q
ICP.M.FR.N.000000.4.ANR;1992-01;1992-01-01;1992-01-31;;2025-09-18T10:12:00+00:00;ICP;France, Taux d'inflation;Taux d'inflation, France;M;FR;N;0;4;ANR;PCCH;1;0;A;SPB.T1101;P1M;4D0;N;Q
ICP.M.FR.N.000000.4.ANR;1991-12;1991-12-01;1991-12-31;;2025-09-18T10:12:00+00:00;ICP;France, Taux d'inflation;Taux d'inflation, France;M;FR;N;0;4;ANR;PCCH;1;0;A;SPB.T1101;P1M;4D0;N;Q
ICP.M.FR.N.000000.4.ANR;1991-11;1991-11-01;1991-11-30;;2025-09-18T10:12:00+00:00;ICP;France, Taux d'inflation;Taux d'inflation, France;M;FR;N;0;4;ANR;PCCH;1;0;A;SPB.T1101;P1M;4D0;N;Q
ICP.M.FR.N.000000.4.ANR;1991-10;1991-10-01;1991-10-31;;2025-09-18T10:12:00+00:00;ICP;France, Taux d'inflation;Taux d'inflation, France;M;FR;N;0;4;ANR;PCCH;1;0;A;SPB.T1101;P1M;4D0;N;Q
ICP.M.FR.N.000000.4.ANR;1991-09;1991-09-01;1991-09-30;;2025-09-18T10:12:00+00:00;ICP;France, Taux d'inflation;Taux d'inflation, France;M;FR;N;0;4;ANR;PCCH;1;0;A;SPB.T1101;P1M;4D0;N;Q
ICP.M.FR.N.000000.4.ANR;1991-08;1991-08-01;1991-08-31;;2025-09-18T10:12:00+00:00;ICP;France, Taux d'inflation;Taux d'inflation, France;M;FR;N;0;4;ANR;PCCH;1;0;A;SPB.T1101;P1M;4D0;N;Q
ICP.M.FR.N.000000.4.ANR;1991-07;1991-07-01;1991-07-31;;2025-09-18T10:12:00+00:00;ICP;France, Taux d'inflation;Taux d'inflation, France;M;FR;N;0;4;ANR;PCCH;1;0;A;SPB.T1101;P1M;4D0;N;Q
ICP.M.FR.N.000000.4.ANR;1991-06;1991-06-01;1991-06-30;;2025-09-18T10:12:00+00:00;ICP;France, Taux d'inflation;Taux d'inflation, France;M;FR;N;0;4;ANR;PCCH;1;0;A;SPB.T1101;P1M;4D0;N;Q
ICP.M.FR.N.000000.4.ANR;1991-05;1991-05-01;1991-05-31;;2025-09-18T10:12:00+00:00;ICP;France, Taux d'inflation;Taux d'inflation, France;M;FR;N;0;4;ANR;PCCH;1;0;A;SPB.T1101;P1M;4D0;N;Q
ICP.M.FR.N.000000.4.ANR;1991-04;1991-04-01;1991-04-30;;2025-09-18T10:12:00+00:00;ICP;France, Taux d'inflation;Taux d'inflation, France;M;FR;N;0;4;ANR;PCCH;1;0;A;SPB.T1101;P1M;4D0;N;Q
ICP.M.FR.N.000000.4.ANR;1991-03;1991-03-01;1991-03-31;;2025-09-18T10:12:00+00:00;ICP;France, Taux d'inflation;Taux d'inflation, France;M;FR;N;0;4;ANR;PCCH;1;0;A;SPB.T1101;P1M;4D0;N;Q
ICP.M.FR.N.000000.4.ANR;1991-02;1991-02-01;1991-02-28;;2025-09-18T10:12:00+00:00;ICP;France, Taux d'inflation;Taux d'inflation, France;M;FR;N;0;4;ANR;PCCH;1;0;A;SPB.T1101;P1M;4D0;N;Q
ICP.M.FR.N.000000.4.ANR;1991-01;1991-01-01;1991-01-31;;2025-09-18T10:12:00+00:00;ICP;France, Taux d'inflation;Taux d'inflation, France;M;FR;N;0;4;ANR;PCCH;1;0;A;SPB.T1101;P1M;4D0;N;Q